Page Type,Page Title,File Name,Updated URL,Source
Home,Premium Women Therapist in Lucknow,index.html,https://lucknow-massage-spa.github.io/Premium-women-therapist/,Excel source
Service,Period Pain Relief Massage,period-pain-relief-massage.html,https://lucknow-massage-spa.github.io/Premium-women-therapist/period-pain-relief-massage.html,Excel source
Service,Back Pain Relief Massage,back-pain-relief-massage.html,https://lucknow-massage-spa.github.io/Premium-women-therapist/back-pain-relief-massage.html,Excel source
Service,Leg Pain Therapy,leg-pain-therapy.html,https://lucknow-massage-spa.github.io/Premium-women-therapist/leg-pain-therapy.html,Excel source
Service,Cramps Relief Massage,cramps-relief-massage.html,https://lucknow-massage-spa.github.io/Premium-women-therapist/cramps-relief-massage.html,Excel source
Service,Joint Pain Therapy,joint-pain-therapy.html,https://lucknow-massage-spa.github.io/Premium-women-therapist/joint-pain-therapy.html,Excel source
Service,Shoulder & Neck Pain Massage,shoulder-and-neck-pain-massage.html,https://lucknow-massage-spa.github.io/Premium-women-therapist/shoulder-and-neck-pain-massage.html,Excel source
Service,Spine Alignment Therapy,spine-alignment-therapy.html,https://lucknow-massage-spa.github.io/Premium-women-therapist/spine-alignment-therapy.html,Excel source
Service,Body Pain Relief Massage,body-pain-relief-massage.html,https://lucknow-massage-spa.github.io/Premium-women-therapist/body-pain-relief-massage.html,Excel source
Service,Full Body Relaxation Massage,full-body-relaxation-massage.html,https://lucknow-massage-spa.github.io/Premium-women-therapist/full-body-relaxation-massage.html,Excel source
Service,Deep Tissue Massage,deep-tissue-massage.html,https://lucknow-massage-spa.github.io/Premium-women-therapist/deep-tissue-massage.html,Excel source
Service,Swedish Massage,swedish-massage.html,https://lucknow-massage-spa.github.io/Premium-women-therapist/swedish-massage.html,Excel source
Service,Head & Neck Massage,head-and-neck-massage.html,https://lucknow-massage-spa.github.io/Premium-women-therapist/head-and-neck-massage.html,Excel source
Service,Foot Reflexology,foot-reflexology.html,https://lucknow-massage-spa.github.io/Premium-women-therapist/foot-reflexology.html,Excel source
Service,Hot Oil Massage,hot-oil-massage.html,https://lucknow-massage-spa.github.io/Premium-women-therapist/hot-oil-massage.html,Excel source
Service,Aromatherapy Massage,aromatherapy-massage.html,https://lucknow-massage-spa.github.io/Premium-women-therapist/aromatherapy-massage.html,Excel source
Service,Stress & Mood Relief Therapy,stress-and-mood-relief-therapy.html,https://lucknow-massage-spa.github.io/Premium-women-therapist/stress-and-mood-relief-therapy.html,Excel source
Service,Home Physiotherapy,home-physiotherapy.html,https://lucknow-massage-spa.github.io/Premium-women-therapist/home-physiotherapy.html,Excel source
Service,Prenatal Massage,prenatal-massage.html,https://lucknow-massage-spa.github.io/Premium-women-therapist/prenatal-massage.html,Excel source
Service,Postnatal Massage,postnatal-massage.html,https://lucknow-massage-spa.github.io/Premium-women-therapist/postnatal-massage.html,Excel source
Service,Senior Citizen Massage Therapy,senior-citizen-massage-therapy.html,https://lucknow-massage-spa.github.io/Premium-women-therapist/senior-citizen-massage-therapy.html,Excel source
Service,Sports Recovery Massage,sports-recovery-massage.html,https://lucknow-massage-spa.github.io/Premium-women-therapist/sports-recovery-massage.html,Excel source
Service,Anti-Stress Massage,anti-stress-massage.html,https://lucknow-massage-spa.github.io/Premium-women-therapist/anti-stress-massage.html,Excel source
Service,Monthly Care Plan,monthly-care-plan.html,https://lucknow-massage-spa.github.io/Premium-women-therapist/monthly-care-plan.html,Excel source
Service,Wellness Massage Package,wellness-massage-package.html,https://lucknow-massage-spa.github.io/Premium-women-therapist/wellness-massage-package.html,Excel source
Service,Muscle Relaxation Therapy,muscle-relaxation-therapy.html,https://lucknow-massage-spa.github.io/Premium-women-therapist/muscle-relaxation-therapy.html,Excel source
Area,Hazratganj,hazratganj-home-massage.html,https://lucknow-massage-spa.github.io/Premium-women-therapist/hazratganj-home-massage.html,Excel source
Area,Aminabad,aminabad-home-massage.html,https://lucknow-massage-spa.github.io/Premium-women-therapist/aminabad-home-massage.html,Excel source
Area,Chowk,chowk-home-massage.html,https://lucknow-massage-spa.github.io/Premium-women-therapist/chowk-home-massage.html,Excel source
Area,Nishatganj,nishatganj-home-massage.html,https://lucknow-massage-spa.github.io/Premium-women-therapist/nishatganj-home-massage.html,Excel source
Area,Husainganj,husainganj-home-massage.html,https://lucknow-massage-spa.github.io/Premium-women-therapist/husainganj-home-massage.html,Excel source
Area,Ganeshganj,ganeshganj-home-massage.html,https://lucknow-massage-spa.github.io/Premium-women-therapist/ganeshganj-home-massage.html,Excel source
Area,Balaganj,balaganj-home-massage.html,https://lucknow-massage-spa.github.io/Premium-women-therapist/balaganj-home-massage.html,Excel source
Area,Chandganj,chandganj-home-massage.html,https://lucknow-massage-spa.github.io/Premium-women-therapist/chandganj-home-massage.html,Excel source
Area,Rakabganj,rakabganj-home-massage.html,https://lucknow-massage-spa.github.io/Premium-women-therapist/rakabganj-home-massage.html,Excel source
Area,Lalbagh,lalbagh-home-massage.html,https://lucknow-massage-spa.github.io/Premium-women-therapist/lalbagh-home-massage.html,Excel source
Area,Civil Lines,civil-lines-home-massage.html,https://lucknow-massage-spa.github.io/Premium-women-therapist/civil-lines-home-massage.html,Excel source
Area,Qaiserbagh,qaiserbagh-home-massage.html,https://lucknow-massage-spa.github.io/Premium-women-therapist/qaiserbagh-home-massage.html,Excel source
Area,Gomti Nagar,gomti-nagar-home-massage.html,https://lucknow-massage-spa.github.io/Premium-women-therapist/gomti-nagar-home-massage.html,Excel source
Area,Gomti Nagar Extension,gomti-nagar-extension-home-massage.html,https://lucknow-massage-spa.github.io/Premium-women-therapist/gomti-nagar-extension-home-massage.html,Excel source
Area,Vibhuti Khand,vibhuti-khand-home-massage.html,https://lucknow-massage-spa.github.io/Premium-women-therapist/vibhuti-khand-home-massage.html,Excel source
Area,Vinay Khand,vinay-khand-home-massage.html,https://lucknow-massage-spa.github.io/Premium-women-therapist/vinay-khand-home-massage.html,Excel source
Area,Vijayant Khand,vijayant-khand-home-massage.html,https://lucknow-massage-spa.github.io/Premium-women-therapist/vijayant-khand-home-massage.html,Excel source
Area,Vipin Khand,vipin-khand-home-massage.html,https://lucknow-massage-spa.github.io/Premium-women-therapist/vipin-khand-home-massage.html,Excel source
Area,Vipul Khand,vipul-khand-home-massage.html,https://lucknow-massage-spa.github.io/Premium-women-therapist/vipul-khand-home-massage.html,Excel source
Area,Viraj Khand,viraj-khand-home-massage.html,https://lucknow-massage-spa.github.io/Premium-women-therapist/viraj-khand-home-massage.html,Excel source
Area,Vikrant Khand,vikrant-khand-home-massage.html,https://lucknow-massage-spa.github.io/Premium-women-therapist/vikrant-khand-home-massage.html,Excel source
Area,Chinhat,chinhat-home-massage.html,https://lucknow-massage-spa.github.io/Premium-women-therapist/chinhat-home-massage.html,Excel source
Area,HAL Colony,hal-colony-home-massage.html,https://lucknow-massage-spa.github.io/Premium-women-therapist/hal-colony-home-massage.html,Excel source
Area,Indira Nagar,indira-nagar-home-massage.html,https://lucknow-massage-spa.github.io/Premium-women-therapist/indira-nagar-home-massage.html,Excel source
Area,Mahanagar,mahanagar-home-massage.html,https://lucknow-massage-spa.github.io/Premium-women-therapist/mahanagar-home-massage.html,Excel source
Area,Nirala Nagar,nirala-nagar-home-massage.html,https://lucknow-massage-spa.github.io/Premium-women-therapist/nirala-nagar-home-massage.html,Excel source
Area,Faizabad Road,faizabad-road-home-massage.html,https://lucknow-massage-spa.github.io/Premium-women-therapist/faizabad-road-home-massage.html,Excel source
Area,Jopling Road,jopling-road-home-massage.html,https://lucknow-massage-spa.github.io/Premium-women-therapist/jopling-road-home-massage.html,Excel source
Area,Khurram Nagar,khurram-nagar-home-massage.html,https://lucknow-massage-spa.github.io/Premium-women-therapist/khurram-nagar-home-massage.html,Excel source
Area,Vikas Nagar,vikas-nagar-home-massage.html,https://lucknow-massage-spa.github.io/Premium-women-therapist/vikas-nagar-home-massage.html,Excel source
Area,Gokhale Marg,gokhale-marg-home-massage.html,https://lucknow-massage-spa.github.io/Premium-women-therapist/gokhale-marg-home-massage.html,Excel source
Area,New Hyderabad,new-hyderabad-home-massage.html,https://lucknow-massage-spa.github.io/Premium-women-therapist/new-hyderabad-home-massage.html,Excel source
Area,Aliganj,aliganj-home-massage.html,https://lucknow-massage-spa.github.io/Premium-women-therapist/aliganj-home-massage.html,Excel source
Area,Kapoorthala,kapoorthala-home-massage.html,https://lucknow-massage-spa.github.io/Premium-women-therapist/kapoorthala-home-massage.html,Excel source
Area,Daliganj,daliganj-home-massage.html,https://lucknow-massage-spa.github.io/Premium-women-therapist/daliganj-home-massage.html,Excel source
Area,Jankipuram,jankipuram-home-massage.html,https://lucknow-massage-spa.github.io/Premium-women-therapist/jankipuram-home-massage.html,Excel source
Area,Jankipuram Extension,jankipuram-extension-home-massage.html,https://lucknow-massage-spa.github.io/Premium-women-therapist/jankipuram-extension-home-massage.html,Excel source
Area,Jankipuram Vistar,jankipuram-vistar-home-massage.html,https://lucknow-massage-spa.github.io/Premium-women-therapist/jankipuram-vistar-home-massage.html,Excel source
Area,Adil Nagar,adil-nagar-home-massage.html,https://lucknow-massage-spa.github.io/Premium-women-therapist/adil-nagar-home-massage.html,Excel source
Area,Kalyanpur East,kalyanpur-east-home-massage.html,https://lucknow-massage-spa.github.io/Premium-women-therapist/kalyanpur-east-home-massage.html,Excel source
Area,Kalyanpur West,kalyanpur-west-home-massage.html,https://lucknow-massage-spa.github.io/Premium-women-therapist/kalyanpur-west-home-massage.html,Excel source
Area,Alambagh,alambagh-home-massage.html,https://lucknow-massage-spa.github.io/Premium-women-therapist/alambagh-home-massage.html,Excel source
Area,Alamnagar,alamnagar-home-massage.html,https://lucknow-massage-spa.github.io/Premium-women-therapist/alamnagar-home-massage.html,Excel source
Area,Charbagh,charbagh-home-massage.html,https://lucknow-massage-spa.github.io/Premium-women-therapist/charbagh-home-massage.html,Excel source
Area,Ashiyana,ashiyana-home-massage.html,https://lucknow-massage-spa.github.io/Premium-women-therapist/ashiyana-home-massage.html,Excel source
Area,Ashiyana Colony,ashiyana-colony-home-massage.html,https://lucknow-massage-spa.github.io/Premium-women-therapist/ashiyana-colony-home-massage.html,Excel source
Area,Krishna Nagar,krishna-nagar-home-massage.html,https://lucknow-massage-spa.github.io/Premium-women-therapist/krishna-nagar-home-massage.html,Excel source
Area,Manas Nagar,manas-nagar-home-massage.html,https://lucknow-massage-spa.github.io/Premium-women-therapist/manas-nagar-home-massage.html,Excel source
Area,LDA Colony,lda-colony-home-massage.html,https://lucknow-massage-spa.github.io/Premium-women-therapist/lda-colony-home-massage.html,Excel source
Area,Rajajipuram,rajajipuram-home-massage.html,https://lucknow-massage-spa.github.io/Premium-women-therapist/rajajipuram-home-massage.html,Excel source
Area,Kanpur Road,kanpur-road-home-massage.html,https://lucknow-massage-spa.github.io/Premium-women-therapist/kanpur-road-home-massage.html,Excel source
Area,Cantonment,cantonment-home-massage.html,https://lucknow-massage-spa.github.io/Premium-women-therapist/cantonment-home-massage.html,Excel source
Area,Dilkusha,dilkusha-home-massage.html,https://lucknow-massage-spa.github.io/Premium-women-therapist/dilkusha-home-massage.html,Excel source
Area,Bangla Bazar,bangla-bazar-home-massage.html,https://lucknow-massage-spa.github.io/Premium-women-therapist/bangla-bazar-home-massage.html,Excel source
Area,Husainabad,husainabad-home-massage.html,https://lucknow-massage-spa.github.io/Premium-women-therapist/husainabad-home-massage.html,Excel source
Area,Golaganj,golaganj-home-massage.html,https://lucknow-massage-spa.github.io/Premium-women-therapist/golaganj-home-massage.html,Excel source
Area,Wazirganj,wazirganj-home-massage.html,https://lucknow-massage-spa.github.io/Premium-women-therapist/wazirganj-home-massage.html,Excel source
Area,Naka Hindola,naka-hindola-home-massage.html,https://lucknow-massage-spa.github.io/Premium-women-therapist/naka-hindola-home-massage.html,Excel source
Area,Sushant Golf City,sushant-golf-city-home-massage.html,https://lucknow-massage-spa.github.io/Premium-women-therapist/sushant-golf-city-home-massage.html,Excel source
Area,Shaheed Path,shaheed-path-home-massage.html,https://lucknow-massage-spa.github.io/Premium-women-therapist/shaheed-path-home-massage.html,Excel source
Area,Sultanpur Road,sultanpur-road-home-massage.html,https://lucknow-massage-spa.github.io/Premium-women-therapist/sultanpur-road-home-massage.html,Excel source
Area,Amar Shaheed Path,amar-shaheed-path-home-massage.html,https://lucknow-massage-spa.github.io/Premium-women-therapist/amar-shaheed-path-home-massage.html,Excel source
Area,Arjunganj,arjunganj-home-massage.html,https://lucknow-massage-spa.github.io/Premium-women-therapist/arjunganj-home-massage.html,Excel source
Area,Gosainganj,gosainganj-home-massage.html,https://lucknow-massage-spa.github.io/Premium-women-therapist/gosainganj-home-massage.html,Excel source
Area,Bakshi Ka Talab,bakshi-ka-talab-home-massage.html,https://lucknow-massage-spa.github.io/Premium-women-therapist/bakshi-ka-talab-home-massage.html,Excel source
Area,Kursi Road,kursi-road-home-massage.html,https://lucknow-massage-spa.github.io/Premium-women-therapist/kursi-road-home-massage.html,Excel source
Area,Deva Road,deva-road-home-massage.html,https://lucknow-massage-spa.github.io/Premium-women-therapist/deva-road-home-massage.html,Excel source
Area,Sitapur Road,sitapur-road-home-massage.html,https://lucknow-massage-spa.github.io/Premium-women-therapist/sitapur-road-home-massage.html,Excel source
Area,Hardoi Road,hardoi-road-home-massage.html,https://lucknow-massage-spa.github.io/Premium-women-therapist/hardoi-road-home-massage.html,Excel source
Area,IIM Road,iim-road-home-massage.html,https://lucknow-massage-spa.github.io/Premium-women-therapist/iim-road-home-massage.html,Excel source
Area,Amausi,amausi-home-massage.html,https://lucknow-massage-spa.github.io/Premium-women-therapist/amausi-home-massage.html,Excel source
Area,Telibagh,telibagh-home-massage.html,https://lucknow-massage-spa.github.io/Premium-women-therapist/telibagh-home-massage.html,Excel source
Area,Vrindavan Yojna,vrindavan-yojna-home-massage.html,https://lucknow-massage-spa.github.io/Premium-women-therapist/vrindavan-yojna-home-massage.html,Excel source
Area,Raebareli Road,raebareli-road-home-massage.html,https://lucknow-massage-spa.github.io/Premium-women-therapist/raebareli-road-home-massage.html,Excel source
Area,Sarojini Nagar,sarojini-nagar-home-massage.html,https://lucknow-massage-spa.github.io/Premium-women-therapist/sarojini-nagar-home-massage.html,Excel source
Area,Sharda Nagar,sharda-nagar-home-massage.html,https://lucknow-massage-spa.github.io/Premium-women-therapist/sharda-nagar-home-massage.html,Excel source
Area,Rajendra Nagar,rajendra-nagar-home-massage.html,https://lucknow-massage-spa.github.io/Premium-women-therapist/rajendra-nagar-home-massage.html,Excel source
Area,Triveni Nagar,triveni-nagar-home-massage.html,https://lucknow-massage-spa.github.io/Premium-women-therapist/triveni-nagar-home-massage.html,Excel source
Area,Vasant Kunj,vasant-kunj-home-massage.html,https://lucknow-massage-spa.github.io/Premium-women-therapist/vasant-kunj-home-massage.html,Excel source
Area,Transport Nagar,transport-nagar-home-massage.html,https://lucknow-massage-spa.github.io/Premium-women-therapist/transport-nagar-home-massage.html,Excel source
Area,Thakurganj,thakurganj-home-massage.html,https://lucknow-massage-spa.github.io/Premium-women-therapist/thakurganj-home-massage.html,Excel source
Area,Yahiyaganj,yahiyaganj-home-massage.html,https://lucknow-massage-spa.github.io/Premium-women-therapist/yahiyaganj-home-massage.html,Excel source
Area,Saadatganj,saadatganj-home-massage.html,https://lucknow-massage-spa.github.io/Premium-women-therapist/saadatganj-home-massage.html,Excel source
Area,South City,south-city-home-massage.html,https://lucknow-massage-spa.github.io/Premium-women-therapist/south-city-home-massage.html,Excel source
Area,Mohanlalganj,mohanlalganj-home-massage.html,https://lucknow-massage-spa.github.io/Premium-women-therapist/mohanlalganj-home-massage.html,Excel source
Area,Malihabad,malihabad-home-massage.html,https://lucknow-massage-spa.github.io/Premium-women-therapist/malihabad-home-massage.html,Excel source
Area,Kakori,kakori-home-massage.html,https://lucknow-massage-spa.github.io/Premium-women-therapist/kakori-home-massage.html,Excel source
Area,Para,para-home-massage.html,https://lucknow-massage-spa.github.io/Premium-women-therapist/para-home-massage.html,Excel source
Area,Takrohi,takrohi-home-massage.html,https://lucknow-massage-spa.github.io/Premium-women-therapist/takrohi-home-massage.html,Excel source
Area,Matiyari,matiyari-home-massage.html,https://lucknow-massage-spa.github.io/Premium-women-therapist/matiyari-home-massage.html,Excel source
Area,Kamta,kamta-home-massage.html,https://lucknow-massage-spa.github.io/Premium-women-therapist/kamta-home-massage.html,Excel source
Area,Nilmatha,nilmatha-home-massage.html,https://lucknow-massage-spa.github.io/Premium-women-therapist/nilmatha-home-massage.html,Excel source
Area,Madiyanva,madiyanva-home-massage.html,https://lucknow-massage-spa.github.io/Premium-women-therapist/madiyanva-home-massage.html,Excel source
Area,Bijnor,bijnor-home-massage.html,https://lucknow-massage-spa.github.io/Premium-women-therapist/bijnor-home-massage.html,Excel source
Area,Sarfarazganj,sarfarazganj-home-massage.html,https://lucknow-massage-spa.github.io/Premium-women-therapist/sarfarazganj-home-massage.html,Excel source
Area,Fazullaganj,fazullaganj-home-massage.html,https://lucknow-massage-spa.github.io/Premium-women-therapist/fazullaganj-home-massage.html,Excel source
Area,Butler Colony,butler-colony-home-massage.html,https://lucknow-massage-spa.github.io/Premium-women-therapist/butler-colony-home-massage.html,Excel source
Area,Omaxe City,omaxe-city-home-massage.html,https://lucknow-massage-spa.github.io/Premium-women-therapist/omaxe-city-home-massage.html,Excel source
Area,Preeti Nagar,preeti-nagar-home-massage.html,https://lucknow-massage-spa.github.io/Premium-women-therapist/preeti-nagar-home-massage.html,Excel source
Area,Shivaji Puram,shivaji-puram-home-massage.html,https://lucknow-massage-spa.github.io/Premium-women-therapist/shivaji-puram-home-massage.html,Excel source
Area+Service,"Period Pain Relief Massage in Hazratganj, Lucknow",hazratganj-period-pain-relief-massage.html,https://lucknow-massage-spa.github.io/Premium-women-therapist/hazratganj-period-pain-relief-massage.html,Excel source
Area+Service,"Back Pain Relief Massage in Hazratganj, Lucknow",hazratganj-back-pain-relief-massage.html,https://lucknow-massage-spa.github.io/Premium-women-therapist/hazratganj-back-pain-relief-massage.html,Excel source
Area+Service,"Full Body Relaxation Massage in Hazratganj, Lucknow",hazratganj-full-body-relaxation-massage.html,https://lucknow-massage-spa.github.io/Premium-women-therapist/hazratganj-full-body-relaxation-massage.html,Excel source
Area+Service,"Period Pain Relief Massage in Aminabad, Lucknow",aminabad-period-pain-relief-massage.html,https://lucknow-massage-spa.github.io/Premium-women-therapist/aminabad-period-pain-relief-massage.html,Excel source
Area+Service,"Back Pain Relief Massage in Aminabad, Lucknow",aminabad-back-pain-relief-massage.html,https://lucknow-massage-spa.github.io/Premium-women-therapist/aminabad-back-pain-relief-massage.html,Excel source
Area+Service,"Full Body Relaxation Massage in Aminabad, Lucknow",aminabad-full-body-relaxation-massage.html,https://lucknow-massage-spa.github.io/Premium-women-therapist/aminabad-full-body-relaxation-massage.html,Excel source
Area+Service,"Period Pain Relief Massage in Chowk, Lucknow",chowk-period-pain-relief-massage.html,https://lucknow-massage-spa.github.io/Premium-women-therapist/chowk-period-pain-relief-massage.html,Excel source
Area+Service,"Back Pain Relief Massage in Chowk, Lucknow",chowk-back-pain-relief-massage.html,https://lucknow-massage-spa.github.io/Premium-women-therapist/chowk-back-pain-relief-massage.html,Excel source
Area+Service,"Full Body Relaxation Massage in Chowk, Lucknow",chowk-full-body-relaxation-massage.html,https://lucknow-massage-spa.github.io/Premium-women-therapist/chowk-full-body-relaxation-massage.html,Excel source
Area+Service,"Period Pain Relief Massage in Nishatganj, Lucknow",nishatganj-period-pain-relief-massage.html,https://lucknow-massage-spa.github.io/Premium-women-therapist/nishatganj-period-pain-relief-massage.html,Excel source
Area+Service,"Back Pain Relief Massage in Nishatganj, Lucknow",nishatganj-back-pain-relief-massage.html,https://lucknow-massage-spa.github.io/Premium-women-therapist/nishatganj-back-pain-relief-massage.html,Excel source
Area+Service,"Full Body Relaxation Massage in Nishatganj, Lucknow",nishatganj-full-body-relaxation-massage.html,https://lucknow-massage-spa.github.io/Premium-women-therapist/nishatganj-full-body-relaxation-massage.html,Excel source
Area+Service,"Period Pain Relief Massage in Husainganj, Lucknow",husainganj-period-pain-relief-massage.html,https://lucknow-massage-spa.github.io/Premium-women-therapist/husainganj-period-pain-relief-massage.html,Excel source
Area+Service,"Back Pain Relief Massage in Husainganj, Lucknow",husainganj-back-pain-relief-massage.html,https://lucknow-massage-spa.github.io/Premium-women-therapist/husainganj-back-pain-relief-massage.html,Excel source
Area+Service,"Full Body Relaxation Massage in Husainganj, Lucknow",husainganj-full-body-relaxation-massage.html,https://lucknow-massage-spa.github.io/Premium-women-therapist/husainganj-full-body-relaxation-massage.html,Excel source
Area+Service,"Period Pain Relief Massage in Ganeshganj, Lucknow",ganeshganj-period-pain-relief-massage.html,https://lucknow-massage-spa.github.io/Premium-women-therapist/ganeshganj-period-pain-relief-massage.html,Excel source
Area+Service,"Back Pain Relief Massage in Ganeshganj, Lucknow",ganeshganj-back-pain-relief-massage.html,https://lucknow-massage-spa.github.io/Premium-women-therapist/ganeshganj-back-pain-relief-massage.html,Excel source
Area+Service,"Full Body Relaxation Massage in Ganeshganj, Lucknow",ganeshganj-full-body-relaxation-massage.html,https://lucknow-massage-spa.github.io/Premium-women-therapist/ganeshganj-full-body-relaxation-massage.html,Excel source
Area+Service,"Period Pain Relief Massage in Balaganj, Lucknow",balaganj-period-pain-relief-massage.html,https://lucknow-massage-spa.github.io/Premium-women-therapist/balaganj-period-pain-relief-massage.html,Excel source
Area+Service,"Back Pain Relief Massage in Balaganj, Lucknow",balaganj-back-pain-relief-massage.html,https://lucknow-massage-spa.github.io/Premium-women-therapist/balaganj-back-pain-relief-massage.html,Excel source
Area+Service,"Full Body Relaxation Massage in Balaganj, Lucknow",balaganj-full-body-relaxation-massage.html,https://lucknow-massage-spa.github.io/Premium-women-therapist/balaganj-full-body-relaxation-massage.html,Excel source
Area+Service,"Period Pain Relief Massage in Chandganj, Lucknow",chandganj-period-pain-relief-massage.html,https://lucknow-massage-spa.github.io/Premium-women-therapist/chandganj-period-pain-relief-massage.html,Excel source
Area+Service,"Back Pain Relief Massage in Chandganj, Lucknow",chandganj-back-pain-relief-massage.html,https://lucknow-massage-spa.github.io/Premium-women-therapist/chandganj-back-pain-relief-massage.html,Excel source
Area+Service,"Full Body Relaxation Massage in Chandganj, Lucknow",chandganj-full-body-relaxation-massage.html,https://lucknow-massage-spa.github.io/Premium-women-therapist/chandganj-full-body-relaxation-massage.html,Excel source
Area+Service,"Period Pain Relief Massage in Rakabganj, Lucknow",rakabganj-period-pain-relief-massage.html,https://lucknow-massage-spa.github.io/Premium-women-therapist/rakabganj-period-pain-relief-massage.html,Excel source
Area+Service,"Back Pain Relief Massage in Rakabganj, Lucknow",rakabganj-back-pain-relief-massage.html,https://lucknow-massage-spa.github.io/Premium-women-therapist/rakabganj-back-pain-relief-massage.html,Excel source
Area+Service,"Full Body Relaxation Massage in Rakabganj, Lucknow",rakabganj-full-body-relaxation-massage.html,https://lucknow-massage-spa.github.io/Premium-women-therapist/rakabganj-full-body-relaxation-massage.html,Excel source
Area+Service,"Period Pain Relief Massage in Lalbagh, Lucknow",lalbagh-period-pain-relief-massage.html,https://lucknow-massage-spa.github.io/Premium-women-therapist/lalbagh-period-pain-relief-massage.html,Excel source
Area+Service,"Back Pain Relief Massage in Lalbagh, Lucknow",lalbagh-back-pain-relief-massage.html,https://lucknow-massage-spa.github.io/Premium-women-therapist/lalbagh-back-pain-relief-massage.html,Excel source
Area+Service,"Full Body Relaxation Massage in Lalbagh, Lucknow",lalbagh-full-body-relaxation-massage.html,https://lucknow-massage-spa.github.io/Premium-women-therapist/lalbagh-full-body-relaxation-massage.html,Excel source
Area+Service,"Period Pain Relief Massage in Civil Lines, Lucknow",civil-lines-period-pain-relief-massage.html,https://lucknow-massage-spa.github.io/Premium-women-therapist/civil-lines-period-pain-relief-massage.html,Excel source
Area+Service,"Back Pain Relief Massage in Civil Lines, Lucknow",civil-lines-back-pain-relief-massage.html,https://lucknow-massage-spa.github.io/Premium-women-therapist/civil-lines-back-pain-relief-massage.html,Excel source
Area+Service,"Full Body Relaxation Massage in Civil Lines, Lucknow",civil-lines-full-body-relaxation-massage.html,https://lucknow-massage-spa.github.io/Premium-women-therapist/civil-lines-full-body-relaxation-massage.html,Excel source
Area+Service,"Period Pain Relief Massage in Qaiserbagh, Lucknow",qaiserbagh-period-pain-relief-massage.html,https://lucknow-massage-spa.github.io/Premium-women-therapist/qaiserbagh-period-pain-relief-massage.html,Excel source
Area+Service,"Back Pain Relief Massage in Qaiserbagh, Lucknow",qaiserbagh-back-pain-relief-massage.html,https://lucknow-massage-spa.github.io/Premium-women-therapist/qaiserbagh-back-pain-relief-massage.html,Excel source
Area+Service,"Full Body Relaxation Massage in Qaiserbagh, Lucknow",qaiserbagh-full-body-relaxation-massage.html,https://lucknow-massage-spa.github.io/Premium-women-therapist/qaiserbagh-full-body-relaxation-massage.html,Excel source
Area+Service,"Period Pain Relief Massage in Gomti Nagar, Lucknow",gomti-nagar-period-pain-relief-massage.html,https://lucknow-massage-spa.github.io/Premium-women-therapist/gomti-nagar-period-pain-relief-massage.html,Excel source
Area+Service,"Back Pain Relief Massage in Gomti Nagar, Lucknow",gomti-nagar-back-pain-relief-massage.html,https://lucknow-massage-spa.github.io/Premium-women-therapist/gomti-nagar-back-pain-relief-massage.html,Excel source
Area+Service,"Full Body Relaxation Massage in Gomti Nagar, Lucknow",gomti-nagar-full-body-relaxation-massage.html,https://lucknow-massage-spa.github.io/Premium-women-therapist/gomti-nagar-full-body-relaxation-massage.html,Excel source
Area+Service,"Period Pain Relief Massage in Gomti Nagar Extension, Lucknow",gomti-nagar-extension-period-pain-relief-massage.html,https://lucknow-massage-spa.github.io/Premium-women-therapist/gomti-nagar-extension-period-pain-relief-massage.html,Excel source
Area+Service,"Back Pain Relief Massage in Gomti Nagar Extension, Lucknow",gomti-nagar-extension-back-pain-relief-massage.html,https://lucknow-massage-spa.github.io/Premium-women-therapist/gomti-nagar-extension-back-pain-relief-massage.html,Excel source
Area+Service,"Full Body Relaxation Massage in Gomti Nagar Extension, Lucknow",gomti-nagar-extension-full-body-relaxation-massage.html,https://lucknow-massage-spa.github.io/Premium-women-therapist/gomti-nagar-extension-full-body-relaxation-massage.html,Excel source
Area+Service,"Period Pain Relief Massage in Vibhuti Khand, Lucknow",vibhuti-khand-period-pain-relief-massage.html,https://lucknow-massage-spa.github.io/Premium-women-therapist/vibhuti-khand-period-pain-relief-massage.html,Excel source
Area+Service,"Back Pain Relief Massage in Vibhuti Khand, Lucknow",vibhuti-khand-back-pain-relief-massage.html,https://lucknow-massage-spa.github.io/Premium-women-therapist/vibhuti-khand-back-pain-relief-massage.html,Excel source
Area+Service,"Full Body Relaxation Massage in Vibhuti Khand, Lucknow",vibhuti-khand-full-body-relaxation-massage.html,https://lucknow-massage-spa.github.io/Premium-women-therapist/vibhuti-khand-full-body-relaxation-massage.html,Excel source
Area+Service,"Period Pain Relief Massage in Vinay Khand, Lucknow",vinay-khand-period-pain-relief-massage.html,https://lucknow-massage-spa.github.io/Premium-women-therapist/vinay-khand-period-pain-relief-massage.html,Excel source
Area+Service,"Back Pain Relief Massage in Vinay Khand, Lucknow",vinay-khand-back-pain-relief-massage.html,https://lucknow-massage-spa.github.io/Premium-women-therapist/vinay-khand-back-pain-relief-massage.html,Excel source
Area+Service,"Full Body Relaxation Massage in Vinay Khand, Lucknow",vinay-khand-full-body-relaxation-massage.html,https://lucknow-massage-spa.github.io/Premium-women-therapist/vinay-khand-full-body-relaxation-massage.html,Excel source
Area+Service,"Period Pain Relief Massage in Vijayant Khand, Lucknow",vijayant-khand-period-pain-relief-massage.html,https://lucknow-massage-spa.github.io/Premium-women-therapist/vijayant-khand-period-pain-relief-massage.html,Excel source
Area+Service,"Back Pain Relief Massage in Vijayant Khand, Lucknow",vijayant-khand-back-pain-relief-massage.html,https://lucknow-massage-spa.github.io/Premium-women-therapist/vijayant-khand-back-pain-relief-massage.html,Excel source
Area+Service,"Full Body Relaxation Massage in Vijayant Khand, Lucknow",vijayant-khand-full-body-relaxation-massage.html,https://lucknow-massage-spa.github.io/Premium-women-therapist/vijayant-khand-full-body-relaxation-massage.html,Excel source
Area+Service,"Period Pain Relief Massage in Vipin Khand, Lucknow",vipin-khand-period-pain-relief-massage.html,https://lucknow-massage-spa.github.io/Premium-women-therapist/vipin-khand-period-pain-relief-massage.html,Excel source
Area+Service,"Back Pain Relief Massage in Vipin Khand, Lucknow",vipin-khand-back-pain-relief-massage.html,https://lucknow-massage-spa.github.io/Premium-women-therapist/vipin-khand-back-pain-relief-massage.html,Excel source
Area+Service,"Full Body Relaxation Massage in Vipin Khand, Lucknow",vipin-khand-full-body-relaxation-massage.html,https://lucknow-massage-spa.github.io/Premium-women-therapist/vipin-khand-full-body-relaxation-massage.html,Excel source
Area+Service,"Period Pain Relief Massage in Vipul Khand, Lucknow",vipul-khand-period-pain-relief-massage.html,https://lucknow-massage-spa.github.io/Premium-women-therapist/vipul-khand-period-pain-relief-massage.html,Excel source
Area+Service,"Back Pain Relief Massage in Vipul Khand, Lucknow",vipul-khand-back-pain-relief-massage.html,https://lucknow-massage-spa.github.io/Premium-women-therapist/vipul-khand-back-pain-relief-massage.html,Excel source
Area+Service,"Full Body Relaxation Massage in Vipul Khand, Lucknow",vipul-khand-full-body-relaxation-massage.html,https://lucknow-massage-spa.github.io/Premium-women-therapist/vipul-khand-full-body-relaxation-massage.html,Excel source
Area+Service,"Period Pain Relief Massage in Viraj Khand, Lucknow",viraj-khand-period-pain-relief-massage.html,https://lucknow-massage-spa.github.io/Premium-women-therapist/viraj-khand-period-pain-relief-massage.html,Excel source
Area+Service,"Back Pain Relief Massage in Viraj Khand, Lucknow",viraj-khand-back-pain-relief-massage.html,https://lucknow-massage-spa.github.io/Premium-women-therapist/viraj-khand-back-pain-relief-massage.html,Excel source
Area+Service,"Full Body Relaxation Massage in Viraj Khand, Lucknow",viraj-khand-full-body-relaxation-massage.html,https://lucknow-massage-spa.github.io/Premium-women-therapist/viraj-khand-full-body-relaxation-massage.html,Excel source
Area+Service,"Period Pain Relief Massage in Vikrant Khand, Lucknow",vikrant-khand-period-pain-relief-massage.html,https://lucknow-massage-spa.github.io/Premium-women-therapist/vikrant-khand-period-pain-relief-massage.html,Excel source
Area+Service,"Back Pain Relief Massage in Vikrant Khand, Lucknow",vikrant-khand-back-pain-relief-massage.html,https://lucknow-massage-spa.github.io/Premium-women-therapist/vikrant-khand-back-pain-relief-massage.html,Excel source
Area+Service,"Full Body Relaxation Massage in Vikrant Khand, Lucknow",vikrant-khand-full-body-relaxation-massage.html,https://lucknow-massage-spa.github.io/Premium-women-therapist/vikrant-khand-full-body-relaxation-massage.html,Excel source
Area+Service,"Period Pain Relief Massage in Chinhat, Lucknow",chinhat-period-pain-relief-massage.html,https://lucknow-massage-spa.github.io/Premium-women-therapist/chinhat-period-pain-relief-massage.html,Excel source
Area+Service,"Back Pain Relief Massage in Chinhat, Lucknow",chinhat-back-pain-relief-massage.html,https://lucknow-massage-spa.github.io/Premium-women-therapist/chinhat-back-pain-relief-massage.html,Excel source
Area+Service,"Full Body Relaxation Massage in Chinhat, Lucknow",chinhat-full-body-relaxation-massage.html,https://lucknow-massage-spa.github.io/Premium-women-therapist/chinhat-full-body-relaxation-massage.html,Excel source
Area+Service,"Period Pain Relief Massage in HAL Colony, Lucknow",hal-colony-period-pain-relief-massage.html,https://lucknow-massage-spa.github.io/Premium-women-therapist/hal-colony-period-pain-relief-massage.html,Excel source
Area+Service,"Back Pain Relief Massage in HAL Colony, Lucknow",hal-colony-back-pain-relief-massage.html,https://lucknow-massage-spa.github.io/Premium-women-therapist/hal-colony-back-pain-relief-massage.html,Excel source
Area+Service,"Full Body Relaxation Massage in HAL Colony, Lucknow",hal-colony-full-body-relaxation-massage.html,https://lucknow-massage-spa.github.io/Premium-women-therapist/hal-colony-full-body-relaxation-massage.html,Excel source
Area+Service,"Period Pain Relief Massage in Indira Nagar, Lucknow",indira-nagar-period-pain-relief-massage.html,https://lucknow-massage-spa.github.io/Premium-women-therapist/indira-nagar-period-pain-relief-massage.html,Excel source
Area+Service,"Back Pain Relief Massage in Indira Nagar, Lucknow",indira-nagar-back-pain-relief-massage.html,https://lucknow-massage-spa.github.io/Premium-women-therapist/indira-nagar-back-pain-relief-massage.html,Excel source
Area+Service,"Full Body Relaxation Massage in Indira Nagar, Lucknow",indira-nagar-full-body-relaxation-massage.html,https://lucknow-massage-spa.github.io/Premium-women-therapist/indira-nagar-full-body-relaxation-massage.html,Excel source
Area+Service,"Period Pain Relief Massage in Mahanagar, Lucknow",mahanagar-period-pain-relief-massage.html,https://lucknow-massage-spa.github.io/Premium-women-therapist/mahanagar-period-pain-relief-massage.html,Excel source
Area+Service,"Back Pain Relief Massage in Mahanagar, Lucknow",mahanagar-back-pain-relief-massage.html,https://lucknow-massage-spa.github.io/Premium-women-therapist/mahanagar-back-pain-relief-massage.html,Excel source
Area+Service,"Full Body Relaxation Massage in Mahanagar, Lucknow",mahanagar-full-body-relaxation-massage.html,https://lucknow-massage-spa.github.io/Premium-women-therapist/mahanagar-full-body-relaxation-massage.html,Excel source
Area+Service,"Period Pain Relief Massage in Nirala Nagar, Lucknow",nirala-nagar-period-pain-relief-massage.html,https://lucknow-massage-spa.github.io/Premium-women-therapist/nirala-nagar-period-pain-relief-massage.html,Excel source
Area+Service,"Back Pain Relief Massage in Nirala Nagar, Lucknow",nirala-nagar-back-pain-relief-massage.html,https://lucknow-massage-spa.github.io/Premium-women-therapist/nirala-nagar-back-pain-relief-massage.html,Excel source
Area+Service,"Full Body Relaxation Massage in Nirala Nagar, Lucknow",nirala-nagar-full-body-relaxation-massage.html,https://lucknow-massage-spa.github.io/Premium-women-therapist/nirala-nagar-full-body-relaxation-massage.html,Excel source
Area+Service,"Period Pain Relief Massage in Faizabad Road, Lucknow",faizabad-road-period-pain-relief-massage.html,https://lucknow-massage-spa.github.io/Premium-women-therapist/faizabad-road-period-pain-relief-massage.html,Excel source
Area+Service,"Back Pain Relief Massage in Faizabad Road, Lucknow",faizabad-road-back-pain-relief-massage.html,https://lucknow-massage-spa.github.io/Premium-women-therapist/faizabad-road-back-pain-relief-massage.html,Excel source
Area+Service,"Full Body Relaxation Massage in Faizabad Road, Lucknow",faizabad-road-full-body-relaxation-massage.html,https://lucknow-massage-spa.github.io/Premium-women-therapist/faizabad-road-full-body-relaxation-massage.html,Excel source
Area+Service,"Period Pain Relief Massage in Jopling Road, Lucknow",jopling-road-period-pain-relief-massage.html,https://lucknow-massage-spa.github.io/Premium-women-therapist/jopling-road-period-pain-relief-massage.html,Excel source
Area+Service,"Back Pain Relief Massage in Jopling Road, Lucknow",jopling-road-back-pain-relief-massage.html,https://lucknow-massage-spa.github.io/Premium-women-therapist/jopling-road-back-pain-relief-massage.html,Excel source
Area+Service,"Full Body Relaxation Massage in Jopling Road, Lucknow",jopling-road-full-body-relaxation-massage.html,https://lucknow-massage-spa.github.io/Premium-women-therapist/jopling-road-full-body-relaxation-massage.html,Excel source
Area+Service,"Period Pain Relief Massage in Khurram Nagar, Lucknow",khurram-nagar-period-pain-relief-massage.html,https://lucknow-massage-spa.github.io/Premium-women-therapist/khurram-nagar-period-pain-relief-massage.html,Excel source
Area+Service,"Back Pain Relief Massage in Khurram Nagar, Lucknow",khurram-nagar-back-pain-relief-massage.html,https://lucknow-massage-spa.github.io/Premium-women-therapist/khurram-nagar-back-pain-relief-massage.html,Excel source
Area+Service,"Full Body Relaxation Massage in Khurram Nagar, Lucknow",khurram-nagar-full-body-relaxation-massage.html,https://lucknow-massage-spa.github.io/Premium-women-therapist/khurram-nagar-full-body-relaxation-massage.html,Excel source
Area+Service,"Period Pain Relief Massage in Vikas Nagar, Lucknow",vikas-nagar-period-pain-relief-massage.html,https://lucknow-massage-spa.github.io/Premium-women-therapist/vikas-nagar-period-pain-relief-massage.html,Excel source
Area+Service,"Back Pain Relief Massage in Vikas Nagar, Lucknow",vikas-nagar-back-pain-relief-massage.html,https://lucknow-massage-spa.github.io/Premium-women-therapist/vikas-nagar-back-pain-relief-massage.html,Excel source
Area+Service,"Full Body Relaxation Massage in Vikas Nagar, Lucknow",vikas-nagar-full-body-relaxation-massage.html,https://lucknow-massage-spa.github.io/Premium-women-therapist/vikas-nagar-full-body-relaxation-massage.html,Excel source
Area+Service,"Period Pain Relief Massage in Gokhale Marg, Lucknow",gokhale-marg-period-pain-relief-massage.html,https://lucknow-massage-spa.github.io/Premium-women-therapist/gokhale-marg-period-pain-relief-massage.html,Excel source
Area+Service,"Back Pain Relief Massage in Gokhale Marg, Lucknow",gokhale-marg-back-pain-relief-massage.html,https://lucknow-massage-spa.github.io/Premium-women-therapist/gokhale-marg-back-pain-relief-massage.html,Excel source
Area+Service,"Full Body Relaxation Massage in Gokhale Marg, Lucknow",gokhale-marg-full-body-relaxation-massage.html,https://lucknow-massage-spa.github.io/Premium-women-therapist/gokhale-marg-full-body-relaxation-massage.html,Excel source
Area+Service,"Period Pain Relief Massage in New Hyderabad, Lucknow",new-hyderabad-period-pain-relief-massage.html,https://lucknow-massage-spa.github.io/Premium-women-therapist/new-hyderabad-period-pain-relief-massage.html,Excel source
Area+Service,"Back Pain Relief Massage in New Hyderabad, Lucknow",new-hyderabad-back-pain-relief-massage.html,https://lucknow-massage-spa.github.io/Premium-women-therapist/new-hyderabad-back-pain-relief-massage.html,Excel source
Area+Service,"Full Body Relaxation Massage in New Hyderabad, Lucknow",new-hyderabad-full-body-relaxation-massage.html,https://lucknow-massage-spa.github.io/Premium-women-therapist/new-hyderabad-full-body-relaxation-massage.html,Excel source
Area+Service,"Period Pain Relief Massage in Aliganj, Lucknow",aliganj-period-pain-relief-massage.html,https://lucknow-massage-spa.github.io/Premium-women-therapist/aliganj-period-pain-relief-massage.html,Excel source
Area+Service,"Back Pain Relief Massage in Aliganj, Lucknow",aliganj-back-pain-relief-massage.html,https://lucknow-massage-spa.github.io/Premium-women-therapist/aliganj-back-pain-relief-massage.html,Excel source
Area+Service,"Full Body Relaxation Massage in Aliganj, Lucknow",aliganj-full-body-relaxation-massage.html,https://lucknow-massage-spa.github.io/Premium-women-therapist/aliganj-full-body-relaxation-massage.html,Excel source
Area+Service,"Period Pain Relief Massage in Kapoorthala, Lucknow",kapoorthala-period-pain-relief-massage.html,https://lucknow-massage-spa.github.io/Premium-women-therapist/kapoorthala-period-pain-relief-massage.html,Excel source
Area+Service,"Back Pain Relief Massage in Kapoorthala, Lucknow",kapoorthala-back-pain-relief-massage.html,https://lucknow-massage-spa.github.io/Premium-women-therapist/kapoorthala-back-pain-relief-massage.html,Excel source
Area+Service,"Full Body Relaxation Massage in Kapoorthala, Lucknow",kapoorthala-full-body-relaxation-massage.html,https://lucknow-massage-spa.github.io/Premium-women-therapist/kapoorthala-full-body-relaxation-massage.html,Excel source
Area+Service,"Period Pain Relief Massage in Daliganj, Lucknow",daliganj-period-pain-relief-massage.html,https://lucknow-massage-spa.github.io/Premium-women-therapist/daliganj-period-pain-relief-massage.html,Excel source
Area+Service,"Back Pain Relief Massage in Daliganj, Lucknow",daliganj-back-pain-relief-massage.html,https://lucknow-massage-spa.github.io/Premium-women-therapist/daliganj-back-pain-relief-massage.html,Excel source
Area+Service,"Full Body Relaxation Massage in Daliganj, Lucknow",daliganj-full-body-relaxation-massage.html,https://lucknow-massage-spa.github.io/Premium-women-therapist/daliganj-full-body-relaxation-massage.html,Excel source
Area+Service,"Period Pain Relief Massage in Jankipuram, Lucknow",jankipuram-period-pain-relief-massage.html,https://lucknow-massage-spa.github.io/Premium-women-therapist/jankipuram-period-pain-relief-massage.html,Excel source
Area+Service,"Back Pain Relief Massage in Jankipuram, Lucknow",jankipuram-back-pain-relief-massage.html,https://lucknow-massage-spa.github.io/Premium-women-therapist/jankipuram-back-pain-relief-massage.html,Excel source
Area+Service,"Full Body Relaxation Massage in Jankipuram, Lucknow",jankipuram-full-body-relaxation-massage.html,https://lucknow-massage-spa.github.io/Premium-women-therapist/jankipuram-full-body-relaxation-massage.html,Excel source
Area+Service,"Period Pain Relief Massage in Jankipuram Extension, Lucknow",jankipuram-extension-period-pain-relief-massage.html,https://lucknow-massage-spa.github.io/Premium-women-therapist/jankipuram-extension-period-pain-relief-massage.html,Excel source
Area+Service,"Back Pain Relief Massage in Jankipuram Extension, Lucknow",jankipuram-extension-back-pain-relief-massage.html,https://lucknow-massage-spa.github.io/Premium-women-therapist/jankipuram-extension-back-pain-relief-massage.html,Excel source
Area+Service,"Full Body Relaxation Massage in Jankipuram Extension, Lucknow",jankipuram-extension-full-body-relaxation-massage.html,https://lucknow-massage-spa.github.io/Premium-women-therapist/jankipuram-extension-full-body-relaxation-massage.html,Excel source
Area+Service,"Period Pain Relief Massage in Jankipuram Vistar, Lucknow",jankipuram-vistar-period-pain-relief-massage.html,https://lucknow-massage-spa.github.io/Premium-women-therapist/jankipuram-vistar-period-pain-relief-massage.html,Excel source
Area+Service,"Back Pain Relief Massage in Jankipuram Vistar, Lucknow",jankipuram-vistar-back-pain-relief-massage.html,https://lucknow-massage-spa.github.io/Premium-women-therapist/jankipuram-vistar-back-pain-relief-massage.html,Excel source
Area+Service,"Full Body Relaxation Massage in Jankipuram Vistar, Lucknow",jankipuram-vistar-full-body-relaxation-massage.html,https://lucknow-massage-spa.github.io/Premium-women-therapist/jankipuram-vistar-full-body-relaxation-massage.html,Excel source
Area+Service,"Period Pain Relief Massage in Adil Nagar, Lucknow",adil-nagar-period-pain-relief-massage.html,https://lucknow-massage-spa.github.io/Premium-women-therapist/adil-nagar-period-pain-relief-massage.html,Excel source
Area+Service,"Back Pain Relief Massage in Adil Nagar, Lucknow",adil-nagar-back-pain-relief-massage.html,https://lucknow-massage-spa.github.io/Premium-women-therapist/adil-nagar-back-pain-relief-massage.html,Excel source
Area+Service,"Full Body Relaxation Massage in Adil Nagar, Lucknow",adil-nagar-full-body-relaxation-massage.html,https://lucknow-massage-spa.github.io/Premium-women-therapist/adil-nagar-full-body-relaxation-massage.html,Excel source
Area+Service,"Period Pain Relief Massage in Kalyanpur East, Lucknow",kalyanpur-east-period-pain-relief-massage.html,https://lucknow-massage-spa.github.io/Premium-women-therapist/kalyanpur-east-period-pain-relief-massage.html,Excel source
Area+Service,"Back Pain Relief Massage in Kalyanpur East, Lucknow",kalyanpur-east-back-pain-relief-massage.html,https://lucknow-massage-spa.github.io/Premium-women-therapist/kalyanpur-east-back-pain-relief-massage.html,Excel source
Area+Service,"Full Body Relaxation Massage in Kalyanpur East, Lucknow",kalyanpur-east-full-body-relaxation-massage.html,https://lucknow-massage-spa.github.io/Premium-women-therapist/kalyanpur-east-full-body-relaxation-massage.html,Excel source
Area+Service,"Period Pain Relief Massage in Kalyanpur West, Lucknow",kalyanpur-west-period-pain-relief-massage.html,https://lucknow-massage-spa.github.io/Premium-women-therapist/kalyanpur-west-period-pain-relief-massage.html,Excel source
Area+Service,"Back Pain Relief Massage in Kalyanpur West, Lucknow",kalyanpur-west-back-pain-relief-massage.html,https://lucknow-massage-spa.github.io/Premium-women-therapist/kalyanpur-west-back-pain-relief-massage.html,Excel source
Area+Service,"Full Body Relaxation Massage in Kalyanpur West, Lucknow",kalyanpur-west-full-body-relaxation-massage.html,https://lucknow-massage-spa.github.io/Premium-women-therapist/kalyanpur-west-full-body-relaxation-massage.html,Excel source
Area+Service,"Period Pain Relief Massage in Alambagh, Lucknow",alambagh-period-pain-relief-massage.html,https://lucknow-massage-spa.github.io/Premium-women-therapist/alambagh-period-pain-relief-massage.html,Excel source
Area+Service,"Back Pain Relief Massage in Alambagh, Lucknow",alambagh-back-pain-relief-massage.html,https://lucknow-massage-spa.github.io/Premium-women-therapist/alambagh-back-pain-relief-massage.html,Excel source
Area+Service,"Full Body Relaxation Massage in Alambagh, Lucknow",alambagh-full-body-relaxation-massage.html,https://lucknow-massage-spa.github.io/Premium-women-therapist/alambagh-full-body-relaxation-massage.html,Excel source
Area+Service,"Period Pain Relief Massage in Alamnagar, Lucknow",alamnagar-period-pain-relief-massage.html,https://lucknow-massage-spa.github.io/Premium-women-therapist/alamnagar-period-pain-relief-massage.html,Excel source
Area+Service,"Back Pain Relief Massage in Alamnagar, Lucknow",alamnagar-back-pain-relief-massage.html,https://lucknow-massage-spa.github.io/Premium-women-therapist/alamnagar-back-pain-relief-massage.html,Excel source
Area+Service,"Full Body Relaxation Massage in Alamnagar, Lucknow",alamnagar-full-body-relaxation-massage.html,https://lucknow-massage-spa.github.io/Premium-women-therapist/alamnagar-full-body-relaxation-massage.html,Excel source
Area+Service,"Period Pain Relief Massage in Charbagh, Lucknow",charbagh-period-pain-relief-massage.html,https://lucknow-massage-spa.github.io/Premium-women-therapist/charbagh-period-pain-relief-massage.html,Excel source
Area+Service,"Back Pain Relief Massage in Charbagh, Lucknow",charbagh-back-pain-relief-massage.html,https://lucknow-massage-spa.github.io/Premium-women-therapist/charbagh-back-pain-relief-massage.html,Excel source
Area+Service,"Full Body Relaxation Massage in Charbagh, Lucknow",charbagh-full-body-relaxation-massage.html,https://lucknow-massage-spa.github.io/Premium-women-therapist/charbagh-full-body-relaxation-massage.html,Excel source
Area+Service,"Period Pain Relief Massage in Ashiyana, Lucknow",ashiyana-period-pain-relief-massage.html,https://lucknow-massage-spa.github.io/Premium-women-therapist/ashiyana-period-pain-relief-massage.html,Excel source
Area+Service,"Back Pain Relief Massage in Ashiyana, Lucknow",ashiyana-back-pain-relief-massage.html,https://lucknow-massage-spa.github.io/Premium-women-therapist/ashiyana-back-pain-relief-massage.html,Excel source
Area+Service,"Full Body Relaxation Massage in Ashiyana, Lucknow",ashiyana-full-body-relaxation-massage.html,https://lucknow-massage-spa.github.io/Premium-women-therapist/ashiyana-full-body-relaxation-massage.html,Excel source
Area+Service,"Period Pain Relief Massage in Ashiyana Colony, Lucknow",ashiyana-colony-period-pain-relief-massage.html,https://lucknow-massage-spa.github.io/Premium-women-therapist/ashiyana-colony-period-pain-relief-massage.html,Excel source
Area+Service,"Back Pain Relief Massage in Ashiyana Colony, Lucknow",ashiyana-colony-back-pain-relief-massage.html,https://lucknow-massage-spa.github.io/Premium-women-therapist/ashiyana-colony-back-pain-relief-massage.html,Excel source
Area+Service,"Full Body Relaxation Massage in Ashiyana Colony, Lucknow",ashiyana-colony-full-body-relaxation-massage.html,https://lucknow-massage-spa.github.io/Premium-women-therapist/ashiyana-colony-full-body-relaxation-massage.html,Excel source
Area+Service,"Period Pain Relief Massage in Krishna Nagar, Lucknow",krishna-nagar-period-pain-relief-massage.html,https://lucknow-massage-spa.github.io/Premium-women-therapist/krishna-nagar-period-pain-relief-massage.html,Excel source
Area+Service,"Back Pain Relief Massage in Krishna Nagar, Lucknow",krishna-nagar-back-pain-relief-massage.html,https://lucknow-massage-spa.github.io/Premium-women-therapist/krishna-nagar-back-pain-relief-massage.html,Excel source
Area+Service,"Full Body Relaxation Massage in Krishna Nagar, Lucknow",krishna-nagar-full-body-relaxation-massage.html,https://lucknow-massage-spa.github.io/Premium-women-therapist/krishna-nagar-full-body-relaxation-massage.html,Excel source
Area+Service,"Period Pain Relief Massage in Manas Nagar, Lucknow",manas-nagar-period-pain-relief-massage.html,https://lucknow-massage-spa.github.io/Premium-women-therapist/manas-nagar-period-pain-relief-massage.html,Excel source
Area+Service,"Back Pain Relief Massage in Manas Nagar, Lucknow",manas-nagar-back-pain-relief-massage.html,https://lucknow-massage-spa.github.io/Premium-women-therapist/manas-nagar-back-pain-relief-massage.html,Excel source
Area+Service,"Full Body Relaxation Massage in Manas Nagar, Lucknow",manas-nagar-full-body-relaxation-massage.html,https://lucknow-massage-spa.github.io/Premium-women-therapist/manas-nagar-full-body-relaxation-massage.html,Excel source
Area+Service,"Period Pain Relief Massage in LDA Colony, Lucknow",lda-colony-period-pain-relief-massage.html,https://lucknow-massage-spa.github.io/Premium-women-therapist/lda-colony-period-pain-relief-massage.html,Excel source
Area+Service,"Back Pain Relief Massage in LDA Colony, Lucknow",lda-colony-back-pain-relief-massage.html,https://lucknow-massage-spa.github.io/Premium-women-therapist/lda-colony-back-pain-relief-massage.html,Excel source
Area+Service,"Full Body Relaxation Massage in LDA Colony, Lucknow",lda-colony-full-body-relaxation-massage.html,https://lucknow-massage-spa.github.io/Premium-women-therapist/lda-colony-full-body-relaxation-massage.html,Excel source
Area+Service,"Period Pain Relief Massage in Rajajipuram, Lucknow",rajajipuram-period-pain-relief-massage.html,https://lucknow-massage-spa.github.io/Premium-women-therapist/rajajipuram-period-pain-relief-massage.html,Excel source
Area+Service,"Back Pain Relief Massage in Rajajipuram, Lucknow",rajajipuram-back-pain-relief-massage.html,https://lucknow-massage-spa.github.io/Premium-women-therapist/rajajipuram-back-pain-relief-massage.html,Excel source
Area+Service,"Full Body Relaxation Massage in Rajajipuram, Lucknow",rajajipuram-full-body-relaxation-massage.html,https://lucknow-massage-spa.github.io/Premium-women-therapist/rajajipuram-full-body-relaxation-massage.html,Excel source
Area+Service,"Period Pain Relief Massage in Kanpur Road, Lucknow",kanpur-road-period-pain-relief-massage.html,https://lucknow-massage-spa.github.io/Premium-women-therapist/kanpur-road-period-pain-relief-massage.html,Excel source
Area+Service,"Back Pain Relief Massage in Kanpur Road, Lucknow",kanpur-road-back-pain-relief-massage.html,https://lucknow-massage-spa.github.io/Premium-women-therapist/kanpur-road-back-pain-relief-massage.html,Excel source
Area+Service,"Full Body Relaxation Massage in Kanpur Road, Lucknow",kanpur-road-full-body-relaxation-massage.html,https://lucknow-massage-spa.github.io/Premium-women-therapist/kanpur-road-full-body-relaxation-massage.html,Excel source
Area+Service,"Period Pain Relief Massage in Cantonment, Lucknow",cantonment-period-pain-relief-massage.html,https://lucknow-massage-spa.github.io/Premium-women-therapist/cantonment-period-pain-relief-massage.html,Excel source
Area+Service,"Back Pain Relief Massage in Cantonment, Lucknow",cantonment-back-pain-relief-massage.html,https://lucknow-massage-spa.github.io/Premium-women-therapist/cantonment-back-pain-relief-massage.html,Excel source
Area+Service,"Full Body Relaxation Massage in Cantonment, Lucknow",cantonment-full-body-relaxation-massage.html,https://lucknow-massage-spa.github.io/Premium-women-therapist/cantonment-full-body-relaxation-massage.html,Excel source
Area+Service,"Period Pain Relief Massage in Dilkusha, Lucknow",dilkusha-period-pain-relief-massage.html,https://lucknow-massage-spa.github.io/Premium-women-therapist/dilkusha-period-pain-relief-massage.html,Excel source
Area+Service,"Back Pain Relief Massage in Dilkusha, Lucknow",dilkusha-back-pain-relief-massage.html,https://lucknow-massage-spa.github.io/Premium-women-therapist/dilkusha-back-pain-relief-massage.html,Excel source
Area+Service,"Full Body Relaxation Massage in Dilkusha, Lucknow",dilkusha-full-body-relaxation-massage.html,https://lucknow-massage-spa.github.io/Premium-women-therapist/dilkusha-full-body-relaxation-massage.html,Excel source
Area+Service,"Period Pain Relief Massage in Bangla Bazar, Lucknow",bangla-bazar-period-pain-relief-massage.html,https://lucknow-massage-spa.github.io/Premium-women-therapist/bangla-bazar-period-pain-relief-massage.html,Excel source
Area+Service,"Back Pain Relief Massage in Bangla Bazar, Lucknow",bangla-bazar-back-pain-relief-massage.html,https://lucknow-massage-spa.github.io/Premium-women-therapist/bangla-bazar-back-pain-relief-massage.html,Excel source
Area+Service,"Full Body Relaxation Massage in Bangla Bazar, Lucknow",bangla-bazar-full-body-relaxation-massage.html,https://lucknow-massage-spa.github.io/Premium-women-therapist/bangla-bazar-full-body-relaxation-massage.html,Excel source
Area+Service,"Period Pain Relief Massage in Husainabad, Lucknow",husainabad-period-pain-relief-massage.html,https://lucknow-massage-spa.github.io/Premium-women-therapist/husainabad-period-pain-relief-massage.html,Excel source
Area+Service,"Back Pain Relief Massage in Husainabad, Lucknow",husainabad-back-pain-relief-massage.html,https://lucknow-massage-spa.github.io/Premium-women-therapist/husainabad-back-pain-relief-massage.html,Excel source
Area+Service,"Full Body Relaxation Massage in Husainabad, Lucknow",husainabad-full-body-relaxation-massage.html,https://lucknow-massage-spa.github.io/Premium-women-therapist/husainabad-full-body-relaxation-massage.html,Excel source
Area+Service,"Period Pain Relief Massage in Golaganj, Lucknow",golaganj-period-pain-relief-massage.html,https://lucknow-massage-spa.github.io/Premium-women-therapist/golaganj-period-pain-relief-massage.html,Excel source
Area+Service,"Back Pain Relief Massage in Golaganj, Lucknow",golaganj-back-pain-relief-massage.html,https://lucknow-massage-spa.github.io/Premium-women-therapist/golaganj-back-pain-relief-massage.html,Excel source
Area+Service,"Full Body Relaxation Massage in Golaganj, Lucknow",golaganj-full-body-relaxation-massage.html,https://lucknow-massage-spa.github.io/Premium-women-therapist/golaganj-full-body-relaxation-massage.html,Excel source
Area+Service,"Period Pain Relief Massage in Wazirganj, Lucknow",wazirganj-period-pain-relief-massage.html,https://lucknow-massage-spa.github.io/Premium-women-therapist/wazirganj-period-pain-relief-massage.html,Excel source
Area+Service,"Back Pain Relief Massage in Wazirganj, Lucknow",wazirganj-back-pain-relief-massage.html,https://lucknow-massage-spa.github.io/Premium-women-therapist/wazirganj-back-pain-relief-massage.html,Excel source
Area+Service,"Full Body Relaxation Massage in Wazirganj, Lucknow",wazirganj-full-body-relaxation-massage.html,https://lucknow-massage-spa.github.io/Premium-women-therapist/wazirganj-full-body-relaxation-massage.html,Excel source
Area+Service,"Period Pain Relief Massage in Naka Hindola, Lucknow",naka-hindola-period-pain-relief-massage.html,https://lucknow-massage-spa.github.io/Premium-women-therapist/naka-hindola-period-pain-relief-massage.html,Excel source
Area+Service,"Back Pain Relief Massage in Naka Hindola, Lucknow",naka-hindola-back-pain-relief-massage.html,https://lucknow-massage-spa.github.io/Premium-women-therapist/naka-hindola-back-pain-relief-massage.html,Excel source
Area+Service,"Full Body Relaxation Massage in Naka Hindola, Lucknow",naka-hindola-full-body-relaxation-massage.html,https://lucknow-massage-spa.github.io/Premium-women-therapist/naka-hindola-full-body-relaxation-massage.html,Excel source
Area+Service,"Period Pain Relief Massage in Sushant Golf City, Lucknow",sushant-golf-city-period-pain-relief-massage.html,https://lucknow-massage-spa.github.io/Premium-women-therapist/sushant-golf-city-period-pain-relief-massage.html,Excel source
Area+Service,"Back Pain Relief Massage in Sushant Golf City, Lucknow",sushant-golf-city-back-pain-relief-massage.html,https://lucknow-massage-spa.github.io/Premium-women-therapist/sushant-golf-city-back-pain-relief-massage.html,Excel source
Area+Service,"Full Body Relaxation Massage in Sushant Golf City, Lucknow",sushant-golf-city-full-body-relaxation-massage.html,https://lucknow-massage-spa.github.io/Premium-women-therapist/sushant-golf-city-full-body-relaxation-massage.html,Excel source
Area+Service,"Period Pain Relief Massage in Shaheed Path, Lucknow",shaheed-path-period-pain-relief-massage.html,https://lucknow-massage-spa.github.io/Premium-women-therapist/shaheed-path-period-pain-relief-massage.html,Excel source
Area+Service,"Back Pain Relief Massage in Shaheed Path, Lucknow",shaheed-path-back-pain-relief-massage.html,https://lucknow-massage-spa.github.io/Premium-women-therapist/shaheed-path-back-pain-relief-massage.html,Excel source
Area+Service,"Full Body Relaxation Massage in Shaheed Path, Lucknow",shaheed-path-full-body-relaxation-massage.html,https://lucknow-massage-spa.github.io/Premium-women-therapist/shaheed-path-full-body-relaxation-massage.html,Excel source
Area+Service,"Period Pain Relief Massage in Sultanpur Road, Lucknow",sultanpur-road-period-pain-relief-massage.html,https://lucknow-massage-spa.github.io/Premium-women-therapist/sultanpur-road-period-pain-relief-massage.html,Excel source
Area+Service,"Back Pain Relief Massage in Sultanpur Road, Lucknow",sultanpur-road-back-pain-relief-massage.html,https://lucknow-massage-spa.github.io/Premium-women-therapist/sultanpur-road-back-pain-relief-massage.html,Excel source
Area+Service,"Full Body Relaxation Massage in Sultanpur Road, Lucknow",sultanpur-road-full-body-relaxation-massage.html,https://lucknow-massage-spa.github.io/Premium-women-therapist/sultanpur-road-full-body-relaxation-massage.html,Excel source
Area+Service,"Period Pain Relief Massage in Amar Shaheed Path, Lucknow",amar-shaheed-path-period-pain-relief-massage.html,https://lucknow-massage-spa.github.io/Premium-women-therapist/amar-shaheed-path-period-pain-relief-massage.html,Excel source
Area+Service,"Back Pain Relief Massage in Amar Shaheed Path, Lucknow",amar-shaheed-path-back-pain-relief-massage.html,https://lucknow-massage-spa.github.io/Premium-women-therapist/amar-shaheed-path-back-pain-relief-massage.html,Excel source
Area+Service,"Full Body Relaxation Massage in Amar Shaheed Path, Lucknow",amar-shaheed-path-full-body-relaxation-massage.html,https://lucknow-massage-spa.github.io/Premium-women-therapist/amar-shaheed-path-full-body-relaxation-massage.html,Excel source
Area+Service,"Period Pain Relief Massage in Arjunganj, Lucknow",arjunganj-period-pain-relief-massage.html,https://lucknow-massage-spa.github.io/Premium-women-therapist/arjunganj-period-pain-relief-massage.html,Excel source
Area+Service,"Back Pain Relief Massage in Arjunganj, Lucknow",arjunganj-back-pain-relief-massage.html,https://lucknow-massage-spa.github.io/Premium-women-therapist/arjunganj-back-pain-relief-massage.html,Excel source
Area+Service,"Full Body Relaxation Massage in Arjunganj, Lucknow",arjunganj-full-body-relaxation-massage.html,https://lucknow-massage-spa.github.io/Premium-women-therapist/arjunganj-full-body-relaxation-massage.html,Excel source
Area+Service,"Period Pain Relief Massage in Gosainganj, Lucknow",gosainganj-period-pain-relief-massage.html,https://lucknow-massage-spa.github.io/Premium-women-therapist/gosainganj-period-pain-relief-massage.html,Excel source
Area+Service,"Back Pain Relief Massage in Gosainganj, Lucknow",gosainganj-back-pain-relief-massage.html,https://lucknow-massage-spa.github.io/Premium-women-therapist/gosainganj-back-pain-relief-massage.html,Excel source
Area+Service,"Full Body Relaxation Massage in Gosainganj, Lucknow",gosainganj-full-body-relaxation-massage.html,https://lucknow-massage-spa.github.io/Premium-women-therapist/gosainganj-full-body-relaxation-massage.html,Excel source
Area+Service,"Period Pain Relief Massage in Bakshi Ka Talab, Lucknow",bakshi-ka-talab-period-pain-relief-massage.html,https://lucknow-massage-spa.github.io/Premium-women-therapist/bakshi-ka-talab-period-pain-relief-massage.html,Excel source
Area+Service,"Back Pain Relief Massage in Bakshi Ka Talab, Lucknow",bakshi-ka-talab-back-pain-relief-massage.html,https://lucknow-massage-spa.github.io/Premium-women-therapist/bakshi-ka-talab-back-pain-relief-massage.html,Excel source
Area+Service,"Full Body Relaxation Massage in Bakshi Ka Talab, Lucknow",bakshi-ka-talab-full-body-relaxation-massage.html,https://lucknow-massage-spa.github.io/Premium-women-therapist/bakshi-ka-talab-full-body-relaxation-massage.html,Excel source
Area+Service,"Period Pain Relief Massage in Kursi Road, Lucknow",kursi-road-period-pain-relief-massage.html,https://lucknow-massage-spa.github.io/Premium-women-therapist/kursi-road-period-pain-relief-massage.html,Excel source
Area+Service,"Back Pain Relief Massage in Kursi Road, Lucknow",kursi-road-back-pain-relief-massage.html,https://lucknow-massage-spa.github.io/Premium-women-therapist/kursi-road-back-pain-relief-massage.html,Excel source
Area+Service,"Full Body Relaxation Massage in Kursi Road, Lucknow",kursi-road-full-body-relaxation-massage.html,https://lucknow-massage-spa.github.io/Premium-women-therapist/kursi-road-full-body-relaxation-massage.html,Excel source
Area+Service,"Period Pain Relief Massage in Deva Road, Lucknow",deva-road-period-pain-relief-massage.html,https://lucknow-massage-spa.github.io/Premium-women-therapist/deva-road-period-pain-relief-massage.html,Excel source
Area+Service,"Back Pain Relief Massage in Deva Road, Lucknow",deva-road-back-pain-relief-massage.html,https://lucknow-massage-spa.github.io/Premium-women-therapist/deva-road-back-pain-relief-massage.html,Excel source
Area+Service,"Full Body Relaxation Massage in Deva Road, Lucknow",deva-road-full-body-relaxation-massage.html,https://lucknow-massage-spa.github.io/Premium-women-therapist/deva-road-full-body-relaxation-massage.html,Excel source
Area+Service,"Period Pain Relief Massage in Sitapur Road, Lucknow",sitapur-road-period-pain-relief-massage.html,https://lucknow-massage-spa.github.io/Premium-women-therapist/sitapur-road-period-pain-relief-massage.html,Excel source
Area+Service,"Back Pain Relief Massage in Sitapur Road, Lucknow",sitapur-road-back-pain-relief-massage.html,https://lucknow-massage-spa.github.io/Premium-women-therapist/sitapur-road-back-pain-relief-massage.html,Excel source
Area+Service,"Full Body Relaxation Massage in Sitapur Road, Lucknow",sitapur-road-full-body-relaxation-massage.html,https://lucknow-massage-spa.github.io/Premium-women-therapist/sitapur-road-full-body-relaxation-massage.html,Excel source
Area+Service,"Period Pain Relief Massage in Hardoi Road, Lucknow",hardoi-road-period-pain-relief-massage.html,https://lucknow-massage-spa.github.io/Premium-women-therapist/hardoi-road-period-pain-relief-massage.html,Excel source
Area+Service,"Back Pain Relief Massage in Hardoi Road, Lucknow",hardoi-road-back-pain-relief-massage.html,https://lucknow-massage-spa.github.io/Premium-women-therapist/hardoi-road-back-pain-relief-massage.html,Excel source
Area+Service,"Full Body Relaxation Massage in Hardoi Road, Lucknow",hardoi-road-full-body-relaxation-massage.html,https://lucknow-massage-spa.github.io/Premium-women-therapist/hardoi-road-full-body-relaxation-massage.html,Excel source
Area+Service,"Period Pain Relief Massage in IIM Road, Lucknow",iim-road-period-pain-relief-massage.html,https://lucknow-massage-spa.github.io/Premium-women-therapist/iim-road-period-pain-relief-massage.html,Excel source
Area+Service,"Back Pain Relief Massage in IIM Road, Lucknow",iim-road-back-pain-relief-massage.html,https://lucknow-massage-spa.github.io/Premium-women-therapist/iim-road-back-pain-relief-massage.html,Excel source
Area+Service,"Full Body Relaxation Massage in IIM Road, Lucknow",iim-road-full-body-relaxation-massage.html,https://lucknow-massage-spa.github.io/Premium-women-therapist/iim-road-full-body-relaxation-massage.html,Excel source
Area+Service,"Period Pain Relief Massage in Amausi, Lucknow",amausi-period-pain-relief-massage.html,https://lucknow-massage-spa.github.io/Premium-women-therapist/amausi-period-pain-relief-massage.html,Excel source
Area+Service,"Back Pain Relief Massage in Amausi, Lucknow",amausi-back-pain-relief-massage.html,https://lucknow-massage-spa.github.io/Premium-women-therapist/amausi-back-pain-relief-massage.html,Excel source
Area+Service,"Full Body Relaxation Massage in Amausi, Lucknow",amausi-full-body-relaxation-massage.html,https://lucknow-massage-spa.github.io/Premium-women-therapist/amausi-full-body-relaxation-massage.html,Excel source
Area+Service,"Period Pain Relief Massage in Telibagh, Lucknow",telibagh-period-pain-relief-massage.html,https://lucknow-massage-spa.github.io/Premium-women-therapist/telibagh-period-pain-relief-massage.html,Excel source
Area+Service,"Back Pain Relief Massage in Telibagh, Lucknow",telibagh-back-pain-relief-massage.html,https://lucknow-massage-spa.github.io/Premium-women-therapist/telibagh-back-pain-relief-massage.html,Excel source
Area+Service,"Full Body Relaxation Massage in Telibagh, Lucknow",telibagh-full-body-relaxation-massage.html,https://lucknow-massage-spa.github.io/Premium-women-therapist/telibagh-full-body-relaxation-massage.html,Excel source
Area+Service,"Period Pain Relief Massage in Vrindavan Yojna, Lucknow",vrindavan-yojna-period-pain-relief-massage.html,https://lucknow-massage-spa.github.io/Premium-women-therapist/vrindavan-yojna-period-pain-relief-massage.html,Excel source
Area+Service,"Back Pain Relief Massage in Vrindavan Yojna, Lucknow",vrindavan-yojna-back-pain-relief-massage.html,https://lucknow-massage-spa.github.io/Premium-women-therapist/vrindavan-yojna-back-pain-relief-massage.html,Excel source
Area+Service,"Full Body Relaxation Massage in Vrindavan Yojna, Lucknow",vrindavan-yojna-full-body-relaxation-massage.html,https://lucknow-massage-spa.github.io/Premium-women-therapist/vrindavan-yojna-full-body-relaxation-massage.html,Excel source
Area+Service,"Period Pain Relief Massage in Raebareli Road, Lucknow",raebareli-road-period-pain-relief-massage.html,https://lucknow-massage-spa.github.io/Premium-women-therapist/raebareli-road-period-pain-relief-massage.html,Excel source
Area+Service,"Back Pain Relief Massage in Raebareli Road, Lucknow",raebareli-road-back-pain-relief-massage.html,https://lucknow-massage-spa.github.io/Premium-women-therapist/raebareli-road-back-pain-relief-massage.html,Excel source
Area+Service,"Full Body Relaxation Massage in Raebareli Road, Lucknow",raebareli-road-full-body-relaxation-massage.html,https://lucknow-massage-spa.github.io/Premium-women-therapist/raebareli-road-full-body-relaxation-massage.html,Excel source
Area+Service,"Period Pain Relief Massage in Sarojini Nagar, Lucknow",sarojini-nagar-period-pain-relief-massage.html,https://lucknow-massage-spa.github.io/Premium-women-therapist/sarojini-nagar-period-pain-relief-massage.html,Excel source
Area+Service,"Back Pain Relief Massage in Sarojini Nagar, Lucknow",sarojini-nagar-back-pain-relief-massage.html,https://lucknow-massage-spa.github.io/Premium-women-therapist/sarojini-nagar-back-pain-relief-massage.html,Excel source
Area+Service,"Full Body Relaxation Massage in Sarojini Nagar, Lucknow",sarojini-nagar-full-body-relaxation-massage.html,https://lucknow-massage-spa.github.io/Premium-women-therapist/sarojini-nagar-full-body-relaxation-massage.html,Excel source
Area+Service,"Period Pain Relief Massage in Sharda Nagar, Lucknow",sharda-nagar-period-pain-relief-massage.html,https://lucknow-massage-spa.github.io/Premium-women-therapist/sharda-nagar-period-pain-relief-massage.html,Excel source
Area+Service,"Back Pain Relief Massage in Sharda Nagar, Lucknow",sharda-nagar-back-pain-relief-massage.html,https://lucknow-massage-spa.github.io/Premium-women-therapist/sharda-nagar-back-pain-relief-massage.html,Excel source
Area+Service,"Full Body Relaxation Massage in Sharda Nagar, Lucknow",sharda-nagar-full-body-relaxation-massage.html,https://lucknow-massage-spa.github.io/Premium-women-therapist/sharda-nagar-full-body-relaxation-massage.html,Excel source
Area+Service,"Period Pain Relief Massage in Rajendra Nagar, Lucknow",rajendra-nagar-period-pain-relief-massage.html,https://lucknow-massage-spa.github.io/Premium-women-therapist/rajendra-nagar-period-pain-relief-massage.html,Excel source
Area+Service,"Back Pain Relief Massage in Rajendra Nagar, Lucknow",rajendra-nagar-back-pain-relief-massage.html,https://lucknow-massage-spa.github.io/Premium-women-therapist/rajendra-nagar-back-pain-relief-massage.html,Excel source
Area+Service,"Full Body Relaxation Massage in Rajendra Nagar, Lucknow",rajendra-nagar-full-body-relaxation-massage.html,https://lucknow-massage-spa.github.io/Premium-women-therapist/rajendra-nagar-full-body-relaxation-massage.html,Excel source
Area+Service,"Period Pain Relief Massage in Triveni Nagar, Lucknow",triveni-nagar-period-pain-relief-massage.html,https://lucknow-massage-spa.github.io/Premium-women-therapist/triveni-nagar-period-pain-relief-massage.html,Excel source
Area+Service,"Back Pain Relief Massage in Triveni Nagar, Lucknow",triveni-nagar-back-pain-relief-massage.html,https://lucknow-massage-spa.github.io/Premium-women-therapist/triveni-nagar-back-pain-relief-massage.html,Excel source
Area+Service,"Full Body Relaxation Massage in Triveni Nagar, Lucknow",triveni-nagar-full-body-relaxation-massage.html,https://lucknow-massage-spa.github.io/Premium-women-therapist/triveni-nagar-full-body-relaxation-massage.html,Excel source
Area+Service,"Period Pain Relief Massage in Vasant Kunj, Lucknow",vasant-kunj-period-pain-relief-massage.html,https://lucknow-massage-spa.github.io/Premium-women-therapist/vasant-kunj-period-pain-relief-massage.html,Excel source
Area+Service,"Back Pain Relief Massage in Vasant Kunj, Lucknow",vasant-kunj-back-pain-relief-massage.html,https://lucknow-massage-spa.github.io/Premium-women-therapist/vasant-kunj-back-pain-relief-massage.html,Excel source
Area+Service,"Full Body Relaxation Massage in Vasant Kunj, Lucknow",vasant-kunj-full-body-relaxation-massage.html,https://lucknow-massage-spa.github.io/Premium-women-therapist/vasant-kunj-full-body-relaxation-massage.html,Excel source
Area+Service,"Period Pain Relief Massage in Transport Nagar, Lucknow",transport-nagar-period-pain-relief-massage.html,https://lucknow-massage-spa.github.io/Premium-women-therapist/transport-nagar-period-pain-relief-massage.html,Excel source
Area+Service,"Back Pain Relief Massage in Transport Nagar, Lucknow",transport-nagar-back-pain-relief-massage.html,https://lucknow-massage-spa.github.io/Premium-women-therapist/transport-nagar-back-pain-relief-massage.html,Excel source
Area+Service,"Full Body Relaxation Massage in Transport Nagar, Lucknow",transport-nagar-full-body-relaxation-massage.html,https://lucknow-massage-spa.github.io/Premium-women-therapist/transport-nagar-full-body-relaxation-massage.html,Excel source
Area+Service,"Period Pain Relief Massage in Thakurganj, Lucknow",thakurganj-period-pain-relief-massage.html,https://lucknow-massage-spa.github.io/Premium-women-therapist/thakurganj-period-pain-relief-massage.html,Excel source
Area+Service,"Back Pain Relief Massage in Thakurganj, Lucknow",thakurganj-back-pain-relief-massage.html,https://lucknow-massage-spa.github.io/Premium-women-therapist/thakurganj-back-pain-relief-massage.html,Excel source
Area+Service,"Full Body Relaxation Massage in Thakurganj, Lucknow",thakurganj-full-body-relaxation-massage.html,https://lucknow-massage-spa.github.io/Premium-women-therapist/thakurganj-full-body-relaxation-massage.html,Excel source
Area+Service,"Period Pain Relief Massage in Yahiyaganj, Lucknow",yahiyaganj-period-pain-relief-massage.html,https://lucknow-massage-spa.github.io/Premium-women-therapist/yahiyaganj-period-pain-relief-massage.html,Excel source
Area+Service,"Back Pain Relief Massage in Yahiyaganj, Lucknow",yahiyaganj-back-pain-relief-massage.html,https://lucknow-massage-spa.github.io/Premium-women-therapist/yahiyaganj-back-pain-relief-massage.html,Excel source
Area+Service,"Full Body Relaxation Massage in Yahiyaganj, Lucknow",yahiyaganj-full-body-relaxation-massage.html,https://lucknow-massage-spa.github.io/Premium-women-therapist/yahiyaganj-full-body-relaxation-massage.html,Excel source
Area+Service,"Period Pain Relief Massage in Saadatganj, Lucknow",saadatganj-period-pain-relief-massage.html,https://lucknow-massage-spa.github.io/Premium-women-therapist/saadatganj-period-pain-relief-massage.html,Excel source
Area+Service,"Back Pain Relief Massage in Saadatganj, Lucknow",saadatganj-back-pain-relief-massage.html,https://lucknow-massage-spa.github.io/Premium-women-therapist/saadatganj-back-pain-relief-massage.html,Excel source
Area+Service,"Full Body Relaxation Massage in Saadatganj, Lucknow",saadatganj-full-body-relaxation-massage.html,https://lucknow-massage-spa.github.io/Premium-women-therapist/saadatganj-full-body-relaxation-massage.html,Excel source
Area+Service,"Period Pain Relief Massage in South City, Lucknow",south-city-period-pain-relief-massage.html,https://lucknow-massage-spa.github.io/Premium-women-therapist/south-city-period-pain-relief-massage.html,Excel source
Area+Service,"Back Pain Relief Massage in South City, Lucknow",south-city-back-pain-relief-massage.html,https://lucknow-massage-spa.github.io/Premium-women-therapist/south-city-back-pain-relief-massage.html,Excel source
Area+Service,"Full Body Relaxation Massage in South City, Lucknow",south-city-full-body-relaxation-massage.html,https://lucknow-massage-spa.github.io/Premium-women-therapist/south-city-full-body-relaxation-massage.html,Excel source
Area+Service,"Period Pain Relief Massage in Mohanlalganj, Lucknow",mohanlalganj-period-pain-relief-massage.html,https://lucknow-massage-spa.github.io/Premium-women-therapist/mohanlalganj-period-pain-relief-massage.html,Excel source
Area+Service,"Back Pain Relief Massage in Mohanlalganj, Lucknow",mohanlalganj-back-pain-relief-massage.html,https://lucknow-massage-spa.github.io/Premium-women-therapist/mohanlalganj-back-pain-relief-massage.html,Excel source
Area+Service,"Full Body Relaxation Massage in Mohanlalganj, Lucknow",mohanlalganj-full-body-relaxation-massage.html,https://lucknow-massage-spa.github.io/Premium-women-therapist/mohanlalganj-full-body-relaxation-massage.html,Excel source
Area+Service,"Period Pain Relief Massage in Malihabad, Lucknow",malihabad-period-pain-relief-massage.html,https://lucknow-massage-spa.github.io/Premium-women-therapist/malihabad-period-pain-relief-massage.html,Excel source
Area+Service,"Back Pain Relief Massage in Malihabad, Lucknow",malihabad-back-pain-relief-massage.html,https://lucknow-massage-spa.github.io/Premium-women-therapist/malihabad-back-pain-relief-massage.html,Excel source
Area+Service,"Full Body Relaxation Massage in Malihabad, Lucknow",malihabad-full-body-relaxation-massage.html,https://lucknow-massage-spa.github.io/Premium-women-therapist/malihabad-full-body-relaxation-massage.html,Excel source
Area+Service,"Period Pain Relief Massage in Kakori, Lucknow",kakori-period-pain-relief-massage.html,https://lucknow-massage-spa.github.io/Premium-women-therapist/kakori-period-pain-relief-massage.html,Excel source
Area+Service,"Back Pain Relief Massage in Kakori, Lucknow",kakori-back-pain-relief-massage.html,https://lucknow-massage-spa.github.io/Premium-women-therapist/kakori-back-pain-relief-massage.html,Excel source
Area+Service,"Full Body Relaxation Massage in Kakori, Lucknow",kakori-full-body-relaxation-massage.html,https://lucknow-massage-spa.github.io/Premium-women-therapist/kakori-full-body-relaxation-massage.html,Excel source
Area+Service,"Period Pain Relief Massage in Para, Lucknow",para-period-pain-relief-massage.html,https://lucknow-massage-spa.github.io/Premium-women-therapist/para-period-pain-relief-massage.html,Excel source
Area+Service,"Back Pain Relief Massage in Para, Lucknow",para-back-pain-relief-massage.html,https://lucknow-massage-spa.github.io/Premium-women-therapist/para-back-pain-relief-massage.html,Excel source
Area+Service,"Full Body Relaxation Massage in Para, Lucknow",para-full-body-relaxation-massage.html,https://lucknow-massage-spa.github.io/Premium-women-therapist/para-full-body-relaxation-massage.html,Excel source
Area+Service,"Period Pain Relief Massage in Takrohi, Lucknow",takrohi-period-pain-relief-massage.html,https://lucknow-massage-spa.github.io/Premium-women-therapist/takrohi-period-pain-relief-massage.html,Excel source
Area+Service,"Back Pain Relief Massage in Takrohi, Lucknow",takrohi-back-pain-relief-massage.html,https://lucknow-massage-spa.github.io/Premium-women-therapist/takrohi-back-pain-relief-massage.html,Excel source
Area+Service,"Full Body Relaxation Massage in Takrohi, Lucknow",takrohi-full-body-relaxation-massage.html,https://lucknow-massage-spa.github.io/Premium-women-therapist/takrohi-full-body-relaxation-massage.html,Excel source
Area+Service,"Period Pain Relief Massage in Matiyari, Lucknow",matiyari-period-pain-relief-massage.html,https://lucknow-massage-spa.github.io/Premium-women-therapist/matiyari-period-pain-relief-massage.html,Excel source
Area+Service,"Back Pain Relief Massage in Matiyari, Lucknow",matiyari-back-pain-relief-massage.html,https://lucknow-massage-spa.github.io/Premium-women-therapist/matiyari-back-pain-relief-massage.html,Excel source
Area+Service,"Full Body Relaxation Massage in Matiyari, Lucknow",matiyari-full-body-relaxation-massage.html,https://lucknow-massage-spa.github.io/Premium-women-therapist/matiyari-full-body-relaxation-massage.html,Excel source
Area+Service,"Period Pain Relief Massage in Kamta, Lucknow",kamta-period-pain-relief-massage.html,https://lucknow-massage-spa.github.io/Premium-women-therapist/kamta-period-pain-relief-massage.html,Excel source
Area+Service,"Back Pain Relief Massage in Kamta, Lucknow",kamta-back-pain-relief-massage.html,https://lucknow-massage-spa.github.io/Premium-women-therapist/kamta-back-pain-relief-massage.html,Excel source
Area+Service,"Full Body Relaxation Massage in Kamta, Lucknow",kamta-full-body-relaxation-massage.html,https://lucknow-massage-spa.github.io/Premium-women-therapist/kamta-full-body-relaxation-massage.html,Excel source
Area+Service,"Period Pain Relief Massage in Nilmatha, Lucknow",nilmatha-period-pain-relief-massage.html,https://lucknow-massage-spa.github.io/Premium-women-therapist/nilmatha-period-pain-relief-massage.html,Excel source
Area+Service,"Back Pain Relief Massage in Nilmatha, Lucknow",nilmatha-back-pain-relief-massage.html,https://lucknow-massage-spa.github.io/Premium-women-therapist/nilmatha-back-pain-relief-massage.html,Excel source
Area+Service,"Full Body Relaxation Massage in Nilmatha, Lucknow",nilmatha-full-body-relaxation-massage.html,https://lucknow-massage-spa.github.io/Premium-women-therapist/nilmatha-full-body-relaxation-massage.html,Excel source
Area+Service,"Period Pain Relief Massage in Madiyanva, Lucknow",madiyanva-period-pain-relief-massage.html,https://lucknow-massage-spa.github.io/Premium-women-therapist/madiyanva-period-pain-relief-massage.html,Excel source
Area+Service,"Back Pain Relief Massage in Madiyanva, Lucknow",madiyanva-back-pain-relief-massage.html,https://lucknow-massage-spa.github.io/Premium-women-therapist/madiyanva-back-pain-relief-massage.html,Excel source
Area+Service,"Full Body Relaxation Massage in Madiyanva, Lucknow",madiyanva-full-body-relaxation-massage.html,https://lucknow-massage-spa.github.io/Premium-women-therapist/madiyanva-full-body-relaxation-massage.html,Excel source
Area+Service,"Period Pain Relief Massage in Bijnor, Lucknow",bijnor-period-pain-relief-massage.html,https://lucknow-massage-spa.github.io/Premium-women-therapist/bijnor-period-pain-relief-massage.html,Excel source
Area+Service,"Back Pain Relief Massage in Bijnor, Lucknow",bijnor-back-pain-relief-massage.html,https://lucknow-massage-spa.github.io/Premium-women-therapist/bijnor-back-pain-relief-massage.html,Excel source
Area+Service,"Full Body Relaxation Massage in Bijnor, Lucknow",bijnor-full-body-relaxation-massage.html,https://lucknow-massage-spa.github.io/Premium-women-therapist/bijnor-full-body-relaxation-massage.html,Excel source
Area+Service,"Period Pain Relief Massage in Sarfarazganj, Lucknow",sarfarazganj-period-pain-relief-massage.html,https://lucknow-massage-spa.github.io/Premium-women-therapist/sarfarazganj-period-pain-relief-massage.html,Excel source
Area+Service,"Back Pain Relief Massage in Sarfarazganj, Lucknow",sarfarazganj-back-pain-relief-massage.html,https://lucknow-massage-spa.github.io/Premium-women-therapist/sarfarazganj-back-pain-relief-massage.html,Excel source
Area+Service,"Full Body Relaxation Massage in Sarfarazganj, Lucknow",sarfarazganj-full-body-relaxation-massage.html,https://lucknow-massage-spa.github.io/Premium-women-therapist/sarfarazganj-full-body-relaxation-massage.html,Excel source
Area+Service,"Period Pain Relief Massage in Fazullaganj, Lucknow",fazullaganj-period-pain-relief-massage.html,https://lucknow-massage-spa.github.io/Premium-women-therapist/fazullaganj-period-pain-relief-massage.html,Excel source
Area+Service,"Back Pain Relief Massage in Fazullaganj, Lucknow",fazullaganj-back-pain-relief-massage.html,https://lucknow-massage-spa.github.io/Premium-women-therapist/fazullaganj-back-pain-relief-massage.html,Excel source
Area+Service,"Full Body Relaxation Massage in Fazullaganj, Lucknow",fazullaganj-full-body-relaxation-massage.html,https://lucknow-massage-spa.github.io/Premium-women-therapist/fazullaganj-full-body-relaxation-massage.html,Excel source
Area+Service,"Period Pain Relief Massage in Butler Colony, Lucknow",butler-colony-period-pain-relief-massage.html,https://lucknow-massage-spa.github.io/Premium-women-therapist/butler-colony-period-pain-relief-massage.html,Excel source
Area+Service,"Back Pain Relief Massage in Butler Colony, Lucknow",butler-colony-back-pain-relief-massage.html,https://lucknow-massage-spa.github.io/Premium-women-therapist/butler-colony-back-pain-relief-massage.html,Excel source
Area+Service,"Full Body Relaxation Massage in Butler Colony, Lucknow",butler-colony-full-body-relaxation-massage.html,https://lucknow-massage-spa.github.io/Premium-women-therapist/butler-colony-full-body-relaxation-massage.html,Excel source
Area+Service,"Period Pain Relief Massage in Omaxe City, Lucknow",omaxe-city-period-pain-relief-massage.html,https://lucknow-massage-spa.github.io/Premium-women-therapist/omaxe-city-period-pain-relief-massage.html,Excel source
Area+Service,"Back Pain Relief Massage in Omaxe City, Lucknow",omaxe-city-back-pain-relief-massage.html,https://lucknow-massage-spa.github.io/Premium-women-therapist/omaxe-city-back-pain-relief-massage.html,Excel source
Area+Service,"Full Body Relaxation Massage in Omaxe City, Lucknow",omaxe-city-full-body-relaxation-massage.html,https://lucknow-massage-spa.github.io/Premium-women-therapist/omaxe-city-full-body-relaxation-massage.html,Excel source
Area+Service,"Period Pain Relief Massage in Preeti Nagar, Lucknow",preeti-nagar-period-pain-relief-massage.html,https://lucknow-massage-spa.github.io/Premium-women-therapist/preeti-nagar-period-pain-relief-massage.html,Excel source
Area+Service,"Back Pain Relief Massage in Preeti Nagar, Lucknow",preeti-nagar-back-pain-relief-massage.html,https://lucknow-massage-spa.github.io/Premium-women-therapist/preeti-nagar-back-pain-relief-massage.html,Excel source
Area+Service,"Full Body Relaxation Massage in Preeti Nagar, Lucknow",preeti-nagar-full-body-relaxation-massage.html,https://lucknow-massage-spa.github.io/Premium-women-therapist/preeti-nagar-full-body-relaxation-massage.html,Excel source
Area+Service,"Period Pain Relief Massage in Shivaji Puram, Lucknow",shivaji-puram-period-pain-relief-massage.html,https://lucknow-massage-spa.github.io/Premium-women-therapist/shivaji-puram-period-pain-relief-massage.html,Excel source
Area+Service,"Back Pain Relief Massage in Shivaji Puram, Lucknow",shivaji-puram-back-pain-relief-massage.html,https://lucknow-massage-spa.github.io/Premium-women-therapist/shivaji-puram-back-pain-relief-massage.html,Excel source
Area+Service,"Full Body Relaxation Massage in Shivaji Puram, Lucknow",shivaji-puram-full-body-relaxation-massage.html,https://lucknow-massage-spa.github.io/Premium-women-therapist/shivaji-puram-full-body-relaxation-massage.html,Excel source
Blog,Complete Guide to Period Pain Relief Massage at Home,blog-complete-guide-to-period-pain-relief-massage-at-home.html,https://lucknow-massage-spa.github.io/Premium-women-therapist/blog-complete-guide-to-period-pain-relief-massage-at-home.html,Excel source
Blog,5 Benefits of Period Pain Relief Massage for Period Pain,blog-5-benefits-of-period-pain-relief-massage-for-period-pain.html,https://lucknow-massage-spa.github.io/Premium-women-therapist/blog-5-benefits-of-period-pain-relief-massage-for-period-pain.html,Excel source
Blog,Period Pain Relief Massage vs Painkillers: What Works Better,blog-period-pain-relief-massage-vs-painkillers-what-works-better.html,https://lucknow-massage-spa.github.io/Premium-women-therapist/blog-period-pain-relief-massage-vs-painkillers-what-works-better.html,Excel source
Blog,Complete Guide to Back Pain Relief Massage at Home,blog-complete-guide-to-back-pain-relief-massage-at-home.html,https://lucknow-massage-spa.github.io/Premium-women-therapist/blog-complete-guide-to-back-pain-relief-massage-at-home.html,Excel source
Blog,5 Benefits of Back Pain Relief Massage for Period Pain,blog-5-benefits-of-back-pain-relief-massage-for-period-pain.html,https://lucknow-massage-spa.github.io/Premium-women-therapist/blog-5-benefits-of-back-pain-relief-massage-for-period-pain.html,Excel source
Blog,Back Pain Relief Massage vs Painkillers: What Works Better,blog-back-pain-relief-massage-vs-painkillers-what-works-better.html,https://lucknow-massage-spa.github.io/Premium-women-therapist/blog-back-pain-relief-massage-vs-painkillers-what-works-better.html,Excel source
Blog,Complete Guide to Leg Pain Therapy at Home,blog-complete-guide-to-leg-pain-therapy-at-home.html,https://lucknow-massage-spa.github.io/Premium-women-therapist/blog-complete-guide-to-leg-pain-therapy-at-home.html,Excel source
Blog,5 Benefits of Leg Pain Therapy for Period Pain,blog-5-benefits-of-leg-pain-therapy-for-period-pain.html,https://lucknow-massage-spa.github.io/Premium-women-therapist/blog-5-benefits-of-leg-pain-therapy-for-period-pain.html,Excel source
Blog,Leg Pain Therapy vs Painkillers: What Works Better,blog-leg-pain-therapy-vs-painkillers-what-works-better.html,https://lucknow-massage-spa.github.io/Premium-women-therapist/blog-leg-pain-therapy-vs-painkillers-what-works-better.html,Excel source
Blog,Complete Guide to Cramps Relief Massage at Home,blog-complete-guide-to-cramps-relief-massage-at-home.html,https://lucknow-massage-spa.github.io/Premium-women-therapist/blog-complete-guide-to-cramps-relief-massage-at-home.html,Excel source
Blog,5 Benefits of Cramps Relief Massage for Period Pain,blog-5-benefits-of-cramps-relief-massage-for-period-pain.html,https://lucknow-massage-spa.github.io/Premium-women-therapist/blog-5-benefits-of-cramps-relief-massage-for-period-pain.html,Excel source
Blog,Cramps Relief Massage vs Painkillers: What Works Better,blog-cramps-relief-massage-vs-painkillers-what-works-better.html,https://lucknow-massage-spa.github.io/Premium-women-therapist/blog-cramps-relief-massage-vs-painkillers-what-works-better.html,Excel source
Blog,Complete Guide to Joint Pain Therapy at Home,blog-complete-guide-to-joint-pain-therapy-at-home.html,https://lucknow-massage-spa.github.io/Premium-women-therapist/blog-complete-guide-to-joint-pain-therapy-at-home.html,Excel source
Blog,5 Benefits of Joint Pain Therapy for Period Pain,blog-5-benefits-of-joint-pain-therapy-for-period-pain.html,https://lucknow-massage-spa.github.io/Premium-women-therapist/blog-5-benefits-of-joint-pain-therapy-for-period-pain.html,Excel source
Blog,Joint Pain Therapy vs Painkillers: What Works Better,blog-joint-pain-therapy-vs-painkillers-what-works-better.html,https://lucknow-massage-spa.github.io/Premium-women-therapist/blog-joint-pain-therapy-vs-painkillers-what-works-better.html,Excel source
Blog,Complete Guide to Shoulder & Neck Pain Massage at Home,blog-complete-guide-to-shoulder-and-neck-pain-massage-at-home.html,https://lucknow-massage-spa.github.io/Premium-women-therapist/blog-complete-guide-to-shoulder-and-neck-pain-massage-at-home.html,Excel source
Blog,5 Benefits of Shoulder & Neck Pain Massage for Period Pain,blog-5-benefits-of-shoulder-and-neck-pain-massage-for-period-pain.html,https://lucknow-massage-spa.github.io/Premium-women-therapist/blog-5-benefits-of-shoulder-and-neck-pain-massage-for-period-pain.html,Excel source
Blog,Shoulder & Neck Pain Massage vs Painkillers: What Works Better,blog-shoulder-and-neck-pain-massage-vs-painkillers-what-works-better.html,https://lucknow-massage-spa.github.io/Premium-women-therapist/blog-shoulder-and-neck-pain-massage-vs-painkillers-what-works-better.html,Excel source
Blog,Complete Guide to Spine Alignment Therapy at Home,blog-complete-guide-to-spine-alignment-therapy-at-home.html,https://lucknow-massage-spa.github.io/Premium-women-therapist/blog-complete-guide-to-spine-alignment-therapy-at-home.html,Excel source
Blog,5 Benefits of Spine Alignment Therapy for Period Pain,blog-5-benefits-of-spine-alignment-therapy-for-period-pain.html,https://lucknow-massage-spa.github.io/Premium-women-therapist/blog-5-benefits-of-spine-alignment-therapy-for-period-pain.html,Excel source
Blog,Spine Alignment Therapy vs Painkillers: What Works Better,blog-spine-alignment-therapy-vs-painkillers-what-works-better.html,https://lucknow-massage-spa.github.io/Premium-women-therapist/blog-spine-alignment-therapy-vs-painkillers-what-works-better.html,Excel source
Blog,Complete Guide to Body Pain Relief Massage at Home,blog-complete-guide-to-body-pain-relief-massage-at-home.html,https://lucknow-massage-spa.github.io/Premium-women-therapist/blog-complete-guide-to-body-pain-relief-massage-at-home.html,Excel source
Blog,5 Benefits of Body Pain Relief Massage for Period Pain,blog-5-benefits-of-body-pain-relief-massage-for-period-pain.html,https://lucknow-massage-spa.github.io/Premium-women-therapist/blog-5-benefits-of-body-pain-relief-massage-for-period-pain.html,Excel source
Blog,Body Pain Relief Massage vs Painkillers: What Works Better,blog-body-pain-relief-massage-vs-painkillers-what-works-better.html,https://lucknow-massage-spa.github.io/Premium-women-therapist/blog-body-pain-relief-massage-vs-painkillers-what-works-better.html,Excel source
Blog,Complete Guide to Full Body Relaxation Massage at Home,blog-complete-guide-to-full-body-relaxation-massage-at-home.html,https://lucknow-massage-spa.github.io/Premium-women-therapist/blog-complete-guide-to-full-body-relaxation-massage-at-home.html,Excel source
Blog,5 Benefits of Full Body Relaxation Massage for Period Pain,blog-5-benefits-of-full-body-relaxation-massage-for-period-pain.html,https://lucknow-massage-spa.github.io/Premium-women-therapist/blog-5-benefits-of-full-body-relaxation-massage-for-period-pain.html,Excel source
Blog,Full Body Relaxation Massage vs Painkillers: What Works Better,blog-full-body-relaxation-massage-vs-painkillers-what-works-better.html,https://lucknow-massage-spa.github.io/Premium-women-therapist/blog-full-body-relaxation-massage-vs-painkillers-what-works-better.html,Excel source
Blog,Complete Guide to Deep Tissue Massage at Home,blog-complete-guide-to-deep-tissue-massage-at-home.html,https://lucknow-massage-spa.github.io/Premium-women-therapist/blog-complete-guide-to-deep-tissue-massage-at-home.html,Excel source
Blog,5 Benefits of Deep Tissue Massage for Period Pain,blog-5-benefits-of-deep-tissue-massage-for-period-pain.html,https://lucknow-massage-spa.github.io/Premium-women-therapist/blog-5-benefits-of-deep-tissue-massage-for-period-pain.html,Excel source
Blog,Deep Tissue Massage vs Painkillers: What Works Better,blog-deep-tissue-massage-vs-painkillers-what-works-better.html,https://lucknow-massage-spa.github.io/Premium-women-therapist/blog-deep-tissue-massage-vs-painkillers-what-works-better.html,Excel source
Blog,Complete Guide to Swedish Massage at Home,blog-complete-guide-to-swedish-massage-at-home.html,https://lucknow-massage-spa.github.io/Premium-women-therapist/blog-complete-guide-to-swedish-massage-at-home.html,Excel source
Blog,5 Benefits of Swedish Massage for Period Pain,blog-5-benefits-of-swedish-massage-for-period-pain.html,https://lucknow-massage-spa.github.io/Premium-women-therapist/blog-5-benefits-of-swedish-massage-for-period-pain.html,Excel source
Blog,Swedish Massage vs Painkillers: What Works Better,blog-swedish-massage-vs-painkillers-what-works-better.html,https://lucknow-massage-spa.github.io/Premium-women-therapist/blog-swedish-massage-vs-painkillers-what-works-better.html,Excel source
Blog,Complete Guide to Head & Neck Massage at Home,blog-complete-guide-to-head-and-neck-massage-at-home.html,https://lucknow-massage-spa.github.io/Premium-women-therapist/blog-complete-guide-to-head-and-neck-massage-at-home.html,Excel source
Blog,5 Benefits of Head & Neck Massage for Period Pain,blog-5-benefits-of-head-and-neck-massage-for-period-pain.html,https://lucknow-massage-spa.github.io/Premium-women-therapist/blog-5-benefits-of-head-and-neck-massage-for-period-pain.html,Excel source
Blog,Head & Neck Massage vs Painkillers: What Works Better,blog-head-and-neck-massage-vs-painkillers-what-works-better.html,https://lucknow-massage-spa.github.io/Premium-women-therapist/blog-head-and-neck-massage-vs-painkillers-what-works-better.html,Excel source
Blog,Complete Guide to Foot Reflexology at Home,blog-complete-guide-to-foot-reflexology-at-home.html,https://lucknow-massage-spa.github.io/Premium-women-therapist/blog-complete-guide-to-foot-reflexology-at-home.html,Excel source
Blog,5 Benefits of Foot Reflexology for Period Pain,blog-5-benefits-of-foot-reflexology-for-period-pain.html,https://lucknow-massage-spa.github.io/Premium-women-therapist/blog-5-benefits-of-foot-reflexology-for-period-pain.html,Excel source
Blog,Foot Reflexology vs Painkillers: What Works Better,blog-foot-reflexology-vs-painkillers-what-works-better.html,https://lucknow-massage-spa.github.io/Premium-women-therapist/blog-foot-reflexology-vs-painkillers-what-works-better.html,Excel source
Blog,Complete Guide to Hot Oil Massage at Home,blog-complete-guide-to-hot-oil-massage-at-home.html,https://lucknow-massage-spa.github.io/Premium-women-therapist/blog-complete-guide-to-hot-oil-massage-at-home.html,Excel source
Blog,5 Benefits of Hot Oil Massage for Period Pain,blog-5-benefits-of-hot-oil-massage-for-period-pain.html,https://lucknow-massage-spa.github.io/Premium-women-therapist/blog-5-benefits-of-hot-oil-massage-for-period-pain.html,Excel source
Blog,Hot Oil Massage vs Painkillers: What Works Better,blog-hot-oil-massage-vs-painkillers-what-works-better.html,https://lucknow-massage-spa.github.io/Premium-women-therapist/blog-hot-oil-massage-vs-painkillers-what-works-better.html,Excel source
Blog,Complete Guide to Aromatherapy Massage at Home,blog-complete-guide-to-aromatherapy-massage-at-home.html,https://lucknow-massage-spa.github.io/Premium-women-therapist/blog-complete-guide-to-aromatherapy-massage-at-home.html,Excel source
Blog,5 Benefits of Aromatherapy Massage for Period Pain,blog-5-benefits-of-aromatherapy-massage-for-period-pain.html,https://lucknow-massage-spa.github.io/Premium-women-therapist/blog-5-benefits-of-aromatherapy-massage-for-period-pain.html,Excel source
Blog,Aromatherapy Massage vs Painkillers: What Works Better,blog-aromatherapy-massage-vs-painkillers-what-works-better.html,https://lucknow-massage-spa.github.io/Premium-women-therapist/blog-aromatherapy-massage-vs-painkillers-what-works-better.html,Excel source
Blog,Complete Guide to Stress & Mood Relief Therapy at Home,blog-complete-guide-to-stress-and-mood-relief-therapy-at-home.html,https://lucknow-massage-spa.github.io/Premium-women-therapist/blog-complete-guide-to-stress-and-mood-relief-therapy-at-home.html,Excel source
Blog,5 Benefits of Stress & Mood Relief Therapy for Period Pain,blog-5-benefits-of-stress-and-mood-relief-therapy-for-period-pain.html,https://lucknow-massage-spa.github.io/Premium-women-therapist/blog-5-benefits-of-stress-and-mood-relief-therapy-for-period-pain.html,Excel source
Blog,Stress & Mood Relief Therapy vs Painkillers: What Works Better,blog-stress-and-mood-relief-therapy-vs-painkillers-what-works-better.html,https://lucknow-massage-spa.github.io/Premium-women-therapist/blog-stress-and-mood-relief-therapy-vs-painkillers-what-works-better.html,Excel source
Blog,Complete Guide to Home Physiotherapy at Home,blog-complete-guide-to-home-physiotherapy-at-home.html,https://lucknow-massage-spa.github.io/Premium-women-therapist/blog-complete-guide-to-home-physiotherapy-at-home.html,Excel source
Blog,5 Benefits of Home Physiotherapy for Period Pain,blog-5-benefits-of-home-physiotherapy-for-period-pain.html,https://lucknow-massage-spa.github.io/Premium-women-therapist/blog-5-benefits-of-home-physiotherapy-for-period-pain.html,Excel source
Blog,Home Physiotherapy vs Painkillers: What Works Better,blog-home-physiotherapy-vs-painkillers-what-works-better.html,https://lucknow-massage-spa.github.io/Premium-women-therapist/blog-home-physiotherapy-vs-painkillers-what-works-better.html,Excel source
Blog,Complete Guide to Prenatal Massage at Home,blog-complete-guide-to-prenatal-massage-at-home.html,https://lucknow-massage-spa.github.io/Premium-women-therapist/blog-complete-guide-to-prenatal-massage-at-home.html,Excel source
Blog,5 Benefits of Prenatal Massage for Period Pain,blog-5-benefits-of-prenatal-massage-for-period-pain.html,https://lucknow-massage-spa.github.io/Premium-women-therapist/blog-5-benefits-of-prenatal-massage-for-period-pain.html,Excel source
Blog,Prenatal Massage vs Painkillers: What Works Better,blog-prenatal-massage-vs-painkillers-what-works-better.html,https://lucknow-massage-spa.github.io/Premium-women-therapist/blog-prenatal-massage-vs-painkillers-what-works-better.html,Excel source
Blog,Complete Guide to Postnatal Massage at Home,blog-complete-guide-to-postnatal-massage-at-home.html,https://lucknow-massage-spa.github.io/Premium-women-therapist/blog-complete-guide-to-postnatal-massage-at-home.html,Excel source
Blog,5 Benefits of Postnatal Massage for Period Pain,blog-5-benefits-of-postnatal-massage-for-period-pain.html,https://lucknow-massage-spa.github.io/Premium-women-therapist/blog-5-benefits-of-postnatal-massage-for-period-pain.html,Excel source
Blog,Postnatal Massage vs Painkillers: What Works Better,blog-postnatal-massage-vs-painkillers-what-works-better.html,https://lucknow-massage-spa.github.io/Premium-women-therapist/blog-postnatal-massage-vs-painkillers-what-works-better.html,Excel source
Blog,Complete Guide to Senior Citizen Massage Therapy at Home,blog-complete-guide-to-senior-citizen-massage-therapy-at-home.html,https://lucknow-massage-spa.github.io/Premium-women-therapist/blog-complete-guide-to-senior-citizen-massage-therapy-at-home.html,Excel source
Blog,5 Benefits of Senior Citizen Massage Therapy for Period Pain,blog-5-benefits-of-senior-citizen-massage-therapy-for-period-pain.html,https://lucknow-massage-spa.github.io/Premium-women-therapist/blog-5-benefits-of-senior-citizen-massage-therapy-for-period-pain.html,Excel source
Blog,Senior Citizen Massage Therapy vs Painkillers: What Works Better,blog-senior-citizen-massage-therapy-vs-painkillers-what-works-better.html,https://lucknow-massage-spa.github.io/Premium-women-therapist/blog-senior-citizen-massage-therapy-vs-painkillers-what-works-better.html,Excel source
Blog,Complete Guide to Sports Recovery Massage at Home,blog-complete-guide-to-sports-recovery-massage-at-home.html,https://lucknow-massage-spa.github.io/Premium-women-therapist/blog-complete-guide-to-sports-recovery-massage-at-home.html,Excel source
Blog,5 Benefits of Sports Recovery Massage for Period Pain,blog-5-benefits-of-sports-recovery-massage-for-period-pain.html,https://lucknow-massage-spa.github.io/Premium-women-therapist/blog-5-benefits-of-sports-recovery-massage-for-period-pain.html,Excel source
Blog,Sports Recovery Massage vs Painkillers: What Works Better,blog-sports-recovery-massage-vs-painkillers-what-works-better.html,https://lucknow-massage-spa.github.io/Premium-women-therapist/blog-sports-recovery-massage-vs-painkillers-what-works-better.html,Excel source
Blog,Complete Guide to Anti-Stress Massage at Home,blog-complete-guide-to-anti-stress-massage-at-home.html,https://lucknow-massage-spa.github.io/Premium-women-therapist/blog-complete-guide-to-anti-stress-massage-at-home.html,Excel source
Blog,5 Benefits of Anti-Stress Massage for Period Pain,blog-5-benefits-of-anti-stress-massage-for-period-pain.html,https://lucknow-massage-spa.github.io/Premium-women-therapist/blog-5-benefits-of-anti-stress-massage-for-period-pain.html,Excel source
Blog,Anti-Stress Massage vs Painkillers: What Works Better,blog-anti-stress-massage-vs-painkillers-what-works-better.html,https://lucknow-massage-spa.github.io/Premium-women-therapist/blog-anti-stress-massage-vs-painkillers-what-works-better.html,Excel source
Blog,Complete Guide to Monthly Care Plan at Home,blog-complete-guide-to-monthly-care-plan-at-home.html,https://lucknow-massage-spa.github.io/Premium-women-therapist/blog-complete-guide-to-monthly-care-plan-at-home.html,Excel source
Blog,5 Benefits of Monthly Care Plan for Period Pain,blog-5-benefits-of-monthly-care-plan-for-period-pain.html,https://lucknow-massage-spa.github.io/Premium-women-therapist/blog-5-benefits-of-monthly-care-plan-for-period-pain.html,Excel source
Blog,Monthly Care Plan vs Painkillers: What Works Better,blog-monthly-care-plan-vs-painkillers-what-works-better.html,https://lucknow-massage-spa.github.io/Premium-women-therapist/blog-monthly-care-plan-vs-painkillers-what-works-better.html,Excel source
Blog,Complete Guide to Wellness Massage Package at Home,blog-complete-guide-to-wellness-massage-package-at-home.html,https://lucknow-massage-spa.github.io/Premium-women-therapist/blog-complete-guide-to-wellness-massage-package-at-home.html,Excel source
Blog,5 Benefits of Wellness Massage Package for Period Pain,blog-5-benefits-of-wellness-massage-package-for-period-pain.html,https://lucknow-massage-spa.github.io/Premium-women-therapist/blog-5-benefits-of-wellness-massage-package-for-period-pain.html,Excel source
Blog,Wellness Massage Package vs Painkillers: What Works Better,blog-wellness-massage-package-vs-painkillers-what-works-better.html,https://lucknow-massage-spa.github.io/Premium-women-therapist/blog-wellness-massage-package-vs-painkillers-what-works-better.html,Excel source
Blog,Complete Guide to Muscle Relaxation Therapy at Home,blog-complete-guide-to-muscle-relaxation-therapy-at-home.html,https://lucknow-massage-spa.github.io/Premium-women-therapist/blog-complete-guide-to-muscle-relaxation-therapy-at-home.html,Excel source
Blog,5 Benefits of Muscle Relaxation Therapy for Period Pain,blog-5-benefits-of-muscle-relaxation-therapy-for-period-pain.html,https://lucknow-massage-spa.github.io/Premium-women-therapist/blog-5-benefits-of-muscle-relaxation-therapy-for-period-pain.html,Excel source
Blog,Muscle Relaxation Therapy vs Painkillers: What Works Better,blog-muscle-relaxation-therapy-vs-painkillers-what-works-better.html,https://lucknow-massage-spa.github.io/Premium-women-therapist/blog-muscle-relaxation-therapy-vs-painkillers-what-works-better.html,Excel source
Blog,"Best Home Massage Options in Hazratganj, Lucknow",blog-best-home-massage-options-in-hazratganj-lucknow.html,https://lucknow-massage-spa.github.io/Premium-women-therapist/blog-best-home-massage-options-in-hazratganj-lucknow.html,Excel source
Blog,Why Women in Hazratganj Are Choosing Home Massage Therapy,blog-why-women-in-hazratganj-are-choosing-home-massage-therapy.html,https://lucknow-massage-spa.github.io/Premium-women-therapist/blog-why-women-in-hazratganj-are-choosing-home-massage-therapy.html,Excel source
Blog,Finding a Trusted Female Therapist in Hazratganj,blog-finding-a-trusted-female-therapist-in-hazratganj.html,https://lucknow-massage-spa.github.io/Premium-women-therapist/blog-finding-a-trusted-female-therapist-in-hazratganj.html,Excel source
Blog,"Best Home Massage Options in Aminabad, Lucknow",blog-best-home-massage-options-in-aminabad-lucknow.html,https://lucknow-massage-spa.github.io/Premium-women-therapist/blog-best-home-massage-options-in-aminabad-lucknow.html,Excel source
Blog,Why Women in Aminabad Are Choosing Home Massage Therapy,blog-why-women-in-aminabad-are-choosing-home-massage-therapy.html,https://lucknow-massage-spa.github.io/Premium-women-therapist/blog-why-women-in-aminabad-are-choosing-home-massage-therapy.html,Excel source
Blog,Finding a Trusted Female Therapist in Aminabad,blog-finding-a-trusted-female-therapist-in-aminabad.html,https://lucknow-massage-spa.github.io/Premium-women-therapist/blog-finding-a-trusted-female-therapist-in-aminabad.html,Excel source
Blog,"Best Home Massage Options in Chowk, Lucknow",blog-best-home-massage-options-in-chowk-lucknow.html,https://lucknow-massage-spa.github.io/Premium-women-therapist/blog-best-home-massage-options-in-chowk-lucknow.html,Excel source
Blog,Why Women in Chowk Are Choosing Home Massage Therapy,blog-why-women-in-chowk-are-choosing-home-massage-therapy.html,https://lucknow-massage-spa.github.io/Premium-women-therapist/blog-why-women-in-chowk-are-choosing-home-massage-therapy.html,Excel source
Blog,Finding a Trusted Female Therapist in Chowk,blog-finding-a-trusted-female-therapist-in-chowk.html,https://lucknow-massage-spa.github.io/Premium-women-therapist/blog-finding-a-trusted-female-therapist-in-chowk.html,Excel source
Blog,"Best Home Massage Options in Nishatganj, Lucknow",blog-best-home-massage-options-in-nishatganj-lucknow.html,https://lucknow-massage-spa.github.io/Premium-women-therapist/blog-best-home-massage-options-in-nishatganj-lucknow.html,Excel source
Blog,Why Women in Nishatganj Are Choosing Home Massage Therapy,blog-why-women-in-nishatganj-are-choosing-home-massage-therapy.html,https://lucknow-massage-spa.github.io/Premium-women-therapist/blog-why-women-in-nishatganj-are-choosing-home-massage-therapy.html,Excel source
Blog,Finding a Trusted Female Therapist in Nishatganj,blog-finding-a-trusted-female-therapist-in-nishatganj.html,https://lucknow-massage-spa.github.io/Premium-women-therapist/blog-finding-a-trusted-female-therapist-in-nishatganj.html,Excel source
Blog,"Best Home Massage Options in Husainganj, Lucknow",blog-best-home-massage-options-in-husainganj-lucknow.html,https://lucknow-massage-spa.github.io/Premium-women-therapist/blog-best-home-massage-options-in-husainganj-lucknow.html,Excel source
Blog,Why Women in Husainganj Are Choosing Home Massage Therapy,blog-why-women-in-husainganj-are-choosing-home-massage-therapy.html,https://lucknow-massage-spa.github.io/Premium-women-therapist/blog-why-women-in-husainganj-are-choosing-home-massage-therapy.html,Excel source
Blog,Finding a Trusted Female Therapist in Husainganj,blog-finding-a-trusted-female-therapist-in-husainganj.html,https://lucknow-massage-spa.github.io/Premium-women-therapist/blog-finding-a-trusted-female-therapist-in-husainganj.html,Excel source
Blog,"Best Home Massage Options in Ganeshganj, Lucknow",blog-best-home-massage-options-in-ganeshganj-lucknow.html,https://lucknow-massage-spa.github.io/Premium-women-therapist/blog-best-home-massage-options-in-ganeshganj-lucknow.html,Excel source
Blog,Why Women in Ganeshganj Are Choosing Home Massage Therapy,blog-why-women-in-ganeshganj-are-choosing-home-massage-therapy.html,https://lucknow-massage-spa.github.io/Premium-women-therapist/blog-why-women-in-ganeshganj-are-choosing-home-massage-therapy.html,Excel source
Blog,Finding a Trusted Female Therapist in Ganeshganj,blog-finding-a-trusted-female-therapist-in-ganeshganj.html,https://lucknow-massage-spa.github.io/Premium-women-therapist/blog-finding-a-trusted-female-therapist-in-ganeshganj.html,Excel source
Blog,"Best Home Massage Options in Balaganj, Lucknow",blog-best-home-massage-options-in-balaganj-lucknow.html,https://lucknow-massage-spa.github.io/Premium-women-therapist/blog-best-home-massage-options-in-balaganj-lucknow.html,Excel source
Blog,Why Women in Balaganj Are Choosing Home Massage Therapy,blog-why-women-in-balaganj-are-choosing-home-massage-therapy.html,https://lucknow-massage-spa.github.io/Premium-women-therapist/blog-why-women-in-balaganj-are-choosing-home-massage-therapy.html,Excel source
Blog,Finding a Trusted Female Therapist in Balaganj,blog-finding-a-trusted-female-therapist-in-balaganj.html,https://lucknow-massage-spa.github.io/Premium-women-therapist/blog-finding-a-trusted-female-therapist-in-balaganj.html,Excel source
Blog,"Best Home Massage Options in Chandganj, Lucknow",blog-best-home-massage-options-in-chandganj-lucknow.html,https://lucknow-massage-spa.github.io/Premium-women-therapist/blog-best-home-massage-options-in-chandganj-lucknow.html,Excel source
Blog,Why Women in Chandganj Are Choosing Home Massage Therapy,blog-why-women-in-chandganj-are-choosing-home-massage-therapy.html,https://lucknow-massage-spa.github.io/Premium-women-therapist/blog-why-women-in-chandganj-are-choosing-home-massage-therapy.html,Excel source
Blog,Finding a Trusted Female Therapist in Chandganj,blog-finding-a-trusted-female-therapist-in-chandganj.html,https://lucknow-massage-spa.github.io/Premium-women-therapist/blog-finding-a-trusted-female-therapist-in-chandganj.html,Excel source
Blog,"Best Home Massage Options in Rakabganj, Lucknow",blog-best-home-massage-options-in-rakabganj-lucknow.html,https://lucknow-massage-spa.github.io/Premium-women-therapist/blog-best-home-massage-options-in-rakabganj-lucknow.html,Excel source
Blog,Why Women in Rakabganj Are Choosing Home Massage Therapy,blog-why-women-in-rakabganj-are-choosing-home-massage-therapy.html,https://lucknow-massage-spa.github.io/Premium-women-therapist/blog-why-women-in-rakabganj-are-choosing-home-massage-therapy.html,Excel source
Blog,Finding a Trusted Female Therapist in Rakabganj,blog-finding-a-trusted-female-therapist-in-rakabganj.html,https://lucknow-massage-spa.github.io/Premium-women-therapist/blog-finding-a-trusted-female-therapist-in-rakabganj.html,Excel source
Blog,"Best Home Massage Options in Lalbagh, Lucknow",blog-best-home-massage-options-in-lalbagh-lucknow.html,https://lucknow-massage-spa.github.io/Premium-women-therapist/blog-best-home-massage-options-in-lalbagh-lucknow.html,Excel source
Blog,Why Women in Lalbagh Are Choosing Home Massage Therapy,blog-why-women-in-lalbagh-are-choosing-home-massage-therapy.html,https://lucknow-massage-spa.github.io/Premium-women-therapist/blog-why-women-in-lalbagh-are-choosing-home-massage-therapy.html,Excel source
Blog,Finding a Trusted Female Therapist in Lalbagh,blog-finding-a-trusted-female-therapist-in-lalbagh.html,https://lucknow-massage-spa.github.io/Premium-women-therapist/blog-finding-a-trusted-female-therapist-in-lalbagh.html,Excel source
Blog,"Best Home Massage Options in Civil Lines, Lucknow",blog-best-home-massage-options-in-civil-lines-lucknow.html,https://lucknow-massage-spa.github.io/Premium-women-therapist/blog-best-home-massage-options-in-civil-lines-lucknow.html,Excel source
Blog,Why Women in Civil Lines Are Choosing Home Massage Therapy,blog-why-women-in-civil-lines-are-choosing-home-massage-therapy.html,https://lucknow-massage-spa.github.io/Premium-women-therapist/blog-why-women-in-civil-lines-are-choosing-home-massage-therapy.html,Excel source
Blog,Finding a Trusted Female Therapist in Civil Lines,blog-finding-a-trusted-female-therapist-in-civil-lines.html,https://lucknow-massage-spa.github.io/Premium-women-therapist/blog-finding-a-trusted-female-therapist-in-civil-lines.html,Excel source
Blog,"Best Home Massage Options in Qaiserbagh, Lucknow",blog-best-home-massage-options-in-qaiserbagh-lucknow.html,https://lucknow-massage-spa.github.io/Premium-women-therapist/blog-best-home-massage-options-in-qaiserbagh-lucknow.html,Excel source
Blog,Why Women in Qaiserbagh Are Choosing Home Massage Therapy,blog-why-women-in-qaiserbagh-are-choosing-home-massage-therapy.html,https://lucknow-massage-spa.github.io/Premium-women-therapist/blog-why-women-in-qaiserbagh-are-choosing-home-massage-therapy.html,Excel source
Blog,Finding a Trusted Female Therapist in Qaiserbagh,blog-finding-a-trusted-female-therapist-in-qaiserbagh.html,https://lucknow-massage-spa.github.io/Premium-women-therapist/blog-finding-a-trusted-female-therapist-in-qaiserbagh.html,Excel source
Blog,"Best Home Massage Options in Gomti Nagar, Lucknow",blog-best-home-massage-options-in-gomti-nagar-lucknow.html,https://lucknow-massage-spa.github.io/Premium-women-therapist/blog-best-home-massage-options-in-gomti-nagar-lucknow.html,Excel source
Blog,Why Women in Gomti Nagar Are Choosing Home Massage Therapy,blog-why-women-in-gomti-nagar-are-choosing-home-massage-therapy.html,https://lucknow-massage-spa.github.io/Premium-women-therapist/blog-why-women-in-gomti-nagar-are-choosing-home-massage-therapy.html,Excel source
Blog,Finding a Trusted Female Therapist in Gomti Nagar,blog-finding-a-trusted-female-therapist-in-gomti-nagar.html,https://lucknow-massage-spa.github.io/Premium-women-therapist/blog-finding-a-trusted-female-therapist-in-gomti-nagar.html,Excel source
Blog,"Best Home Massage Options in Gomti Nagar Extension, Lucknow",blog-best-home-massage-options-in-gomti-nagar-extension-lucknow.html,https://lucknow-massage-spa.github.io/Premium-women-therapist/blog-best-home-massage-options-in-gomti-nagar-extension-lucknow.html,Excel source
Blog,Why Women in Gomti Nagar Extension Are Choosing Home Massage Therapy,blog-why-women-in-gomti-nagar-extension-are-choosing-home-massage-therapy.html,https://lucknow-massage-spa.github.io/Premium-women-therapist/blog-why-women-in-gomti-nagar-extension-are-choosing-home-massage-therapy.html,Excel source
Blog,Finding a Trusted Female Therapist in Gomti Nagar Extension,blog-finding-a-trusted-female-therapist-in-gomti-nagar-extension.html,https://lucknow-massage-spa.github.io/Premium-women-therapist/blog-finding-a-trusted-female-therapist-in-gomti-nagar-extension.html,Excel source
Blog,"Best Home Massage Options in Vibhuti Khand, Lucknow",blog-best-home-massage-options-in-vibhuti-khand-lucknow.html,https://lucknow-massage-spa.github.io/Premium-women-therapist/blog-best-home-massage-options-in-vibhuti-khand-lucknow.html,Excel source
Blog,Why Women in Vibhuti Khand Are Choosing Home Massage Therapy,blog-why-women-in-vibhuti-khand-are-choosing-home-massage-therapy.html,https://lucknow-massage-spa.github.io/Premium-women-therapist/blog-why-women-in-vibhuti-khand-are-choosing-home-massage-therapy.html,Excel source
Blog,Finding a Trusted Female Therapist in Vibhuti Khand,blog-finding-a-trusted-female-therapist-in-vibhuti-khand.html,https://lucknow-massage-spa.github.io/Premium-women-therapist/blog-finding-a-trusted-female-therapist-in-vibhuti-khand.html,Excel source
Blog,"Best Home Massage Options in Vinay Khand, Lucknow",blog-best-home-massage-options-in-vinay-khand-lucknow.html,https://lucknow-massage-spa.github.io/Premium-women-therapist/blog-best-home-massage-options-in-vinay-khand-lucknow.html,Excel source
Blog,Why Women in Vinay Khand Are Choosing Home Massage Therapy,blog-why-women-in-vinay-khand-are-choosing-home-massage-therapy.html,https://lucknow-massage-spa.github.io/Premium-women-therapist/blog-why-women-in-vinay-khand-are-choosing-home-massage-therapy.html,Excel source
Blog,Finding a Trusted Female Therapist in Vinay Khand,blog-finding-a-trusted-female-therapist-in-vinay-khand.html,https://lucknow-massage-spa.github.io/Premium-women-therapist/blog-finding-a-trusted-female-therapist-in-vinay-khand.html,Excel source
Blog,"Best Home Massage Options in Vijayant Khand, Lucknow",blog-best-home-massage-options-in-vijayant-khand-lucknow.html,https://lucknow-massage-spa.github.io/Premium-women-therapist/blog-best-home-massage-options-in-vijayant-khand-lucknow.html,Excel source
Blog,Why Women in Vijayant Khand Are Choosing Home Massage Therapy,blog-why-women-in-vijayant-khand-are-choosing-home-massage-therapy.html,https://lucknow-massage-spa.github.io/Premium-women-therapist/blog-why-women-in-vijayant-khand-are-choosing-home-massage-therapy.html,Excel source
Blog,Finding a Trusted Female Therapist in Vijayant Khand,blog-finding-a-trusted-female-therapist-in-vijayant-khand.html,https://lucknow-massage-spa.github.io/Premium-women-therapist/blog-finding-a-trusted-female-therapist-in-vijayant-khand.html,Excel source
Blog,"Best Home Massage Options in Vipin Khand, Lucknow",blog-best-home-massage-options-in-vipin-khand-lucknow.html,https://lucknow-massage-spa.github.io/Premium-women-therapist/blog-best-home-massage-options-in-vipin-khand-lucknow.html,Excel source
Blog,Why Women in Vipin Khand Are Choosing Home Massage Therapy,blog-why-women-in-vipin-khand-are-choosing-home-massage-therapy.html,https://lucknow-massage-spa.github.io/Premium-women-therapist/blog-why-women-in-vipin-khand-are-choosing-home-massage-therapy.html,Excel source
Blog,Finding a Trusted Female Therapist in Vipin Khand,blog-finding-a-trusted-female-therapist-in-vipin-khand.html,https://lucknow-massage-spa.github.io/Premium-women-therapist/blog-finding-a-trusted-female-therapist-in-vipin-khand.html,Excel source
Blog,"Best Home Massage Options in Vipul Khand, Lucknow",blog-best-home-massage-options-in-vipul-khand-lucknow.html,https://lucknow-massage-spa.github.io/Premium-women-therapist/blog-best-home-massage-options-in-vipul-khand-lucknow.html,Excel source
Blog,Why Women in Vipul Khand Are Choosing Home Massage Therapy,blog-why-women-in-vipul-khand-are-choosing-home-massage-therapy.html,https://lucknow-massage-spa.github.io/Premium-women-therapist/blog-why-women-in-vipul-khand-are-choosing-home-massage-therapy.html,Excel source
Blog,Finding a Trusted Female Therapist in Vipul Khand,blog-finding-a-trusted-female-therapist-in-vipul-khand.html,https://lucknow-massage-spa.github.io/Premium-women-therapist/blog-finding-a-trusted-female-therapist-in-vipul-khand.html,Excel source
Blog,"Best Home Massage Options in Viraj Khand, Lucknow",blog-best-home-massage-options-in-viraj-khand-lucknow.html,https://lucknow-massage-spa.github.io/Premium-women-therapist/blog-best-home-massage-options-in-viraj-khand-lucknow.html,Excel source
Blog,Why Women in Viraj Khand Are Choosing Home Massage Therapy,blog-why-women-in-viraj-khand-are-choosing-home-massage-therapy.html,https://lucknow-massage-spa.github.io/Premium-women-therapist/blog-why-women-in-viraj-khand-are-choosing-home-massage-therapy.html,Excel source
Blog,Finding a Trusted Female Therapist in Viraj Khand,blog-finding-a-trusted-female-therapist-in-viraj-khand.html,https://lucknow-massage-spa.github.io/Premium-women-therapist/blog-finding-a-trusted-female-therapist-in-viraj-khand.html,Excel source
Blog,"Best Home Massage Options in Vikrant Khand, Lucknow",blog-best-home-massage-options-in-vikrant-khand-lucknow.html,https://lucknow-massage-spa.github.io/Premium-women-therapist/blog-best-home-massage-options-in-vikrant-khand-lucknow.html,Excel source
Blog,Why Women in Vikrant Khand Are Choosing Home Massage Therapy,blog-why-women-in-vikrant-khand-are-choosing-home-massage-therapy.html,https://lucknow-massage-spa.github.io/Premium-women-therapist/blog-why-women-in-vikrant-khand-are-choosing-home-massage-therapy.html,Excel source
Blog,Finding a Trusted Female Therapist in Vikrant Khand,blog-finding-a-trusted-female-therapist-in-vikrant-khand.html,https://lucknow-massage-spa.github.io/Premium-women-therapist/blog-finding-a-trusted-female-therapist-in-vikrant-khand.html,Excel source
Blog,"Best Home Massage Options in Chinhat, Lucknow",blog-best-home-massage-options-in-chinhat-lucknow.html,https://lucknow-massage-spa.github.io/Premium-women-therapist/blog-best-home-massage-options-in-chinhat-lucknow.html,Excel source
Blog,Why Women in Chinhat Are Choosing Home Massage Therapy,blog-why-women-in-chinhat-are-choosing-home-massage-therapy.html,https://lucknow-massage-spa.github.io/Premium-women-therapist/blog-why-women-in-chinhat-are-choosing-home-massage-therapy.html,Excel source
Blog,Finding a Trusted Female Therapist in Chinhat,blog-finding-a-trusted-female-therapist-in-chinhat.html,https://lucknow-massage-spa.github.io/Premium-women-therapist/blog-finding-a-trusted-female-therapist-in-chinhat.html,Excel source
Blog,"Best Home Massage Options in HAL Colony, Lucknow",blog-best-home-massage-options-in-hal-colony-lucknow.html,https://lucknow-massage-spa.github.io/Premium-women-therapist/blog-best-home-massage-options-in-hal-colony-lucknow.html,Excel source
Blog,Why Women in HAL Colony Are Choosing Home Massage Therapy,blog-why-women-in-hal-colony-are-choosing-home-massage-therapy.html,https://lucknow-massage-spa.github.io/Premium-women-therapist/blog-why-women-in-hal-colony-are-choosing-home-massage-therapy.html,Excel source
Blog,Finding a Trusted Female Therapist in HAL Colony,blog-finding-a-trusted-female-therapist-in-hal-colony.html,https://lucknow-massage-spa.github.io/Premium-women-therapist/blog-finding-a-trusted-female-therapist-in-hal-colony.html,Excel source
Blog,"Best Home Massage Options in Indira Nagar, Lucknow",blog-best-home-massage-options-in-indira-nagar-lucknow.html,https://lucknow-massage-spa.github.io/Premium-women-therapist/blog-best-home-massage-options-in-indira-nagar-lucknow.html,Excel source
Blog,Why Women in Indira Nagar Are Choosing Home Massage Therapy,blog-why-women-in-indira-nagar-are-choosing-home-massage-therapy.html,https://lucknow-massage-spa.github.io/Premium-women-therapist/blog-why-women-in-indira-nagar-are-choosing-home-massage-therapy.html,Excel source
Blog,Finding a Trusted Female Therapist in Indira Nagar,blog-finding-a-trusted-female-therapist-in-indira-nagar.html,https://lucknow-massage-spa.github.io/Premium-women-therapist/blog-finding-a-trusted-female-therapist-in-indira-nagar.html,Excel source
Blog,"Best Home Massage Options in Mahanagar, Lucknow",blog-best-home-massage-options-in-mahanagar-lucknow.html,https://lucknow-massage-spa.github.io/Premium-women-therapist/blog-best-home-massage-options-in-mahanagar-lucknow.html,Excel source
Blog,Why Women in Mahanagar Are Choosing Home Massage Therapy,blog-why-women-in-mahanagar-are-choosing-home-massage-therapy.html,https://lucknow-massage-spa.github.io/Premium-women-therapist/blog-why-women-in-mahanagar-are-choosing-home-massage-therapy.html,Excel source
Blog,Finding a Trusted Female Therapist in Mahanagar,blog-finding-a-trusted-female-therapist-in-mahanagar.html,https://lucknow-massage-spa.github.io/Premium-women-therapist/blog-finding-a-trusted-female-therapist-in-mahanagar.html,Excel source
FAQ,Is Period Pain Relief Massage Safe During Periods?,faq-is-period-pain-relief-massage-safe-during-periods.html,https://lucknow-massage-spa.github.io/Premium-women-therapist/faq-is-period-pain-relief-massage-safe-during-periods.html,Excel source
FAQ,How Long Does a Period Pain Relief Massage Session Take?,faq-how-long-does-a-period-pain-relief-massage-session-take.html,https://lucknow-massage-spa.github.io/Premium-women-therapist/faq-how-long-does-a-period-pain-relief-massage-session-take.html,Excel source
FAQ,Is Back Pain Relief Massage Safe During Periods?,faq-is-back-pain-relief-massage-safe-during-periods.html,https://lucknow-massage-spa.github.io/Premium-women-therapist/faq-is-back-pain-relief-massage-safe-during-periods.html,Excel source
FAQ,How Long Does a Back Pain Relief Massage Session Take?,faq-how-long-does-a-back-pain-relief-massage-session-take.html,https://lucknow-massage-spa.github.io/Premium-women-therapist/faq-how-long-does-a-back-pain-relief-massage-session-take.html,Excel source
FAQ,Is Leg Pain Therapy Safe During Periods?,faq-is-leg-pain-therapy-safe-during-periods.html,https://lucknow-massage-spa.github.io/Premium-women-therapist/faq-is-leg-pain-therapy-safe-during-periods.html,Excel source
FAQ,How Long Does a Leg Pain Therapy Session Take?,faq-how-long-does-a-leg-pain-therapy-session-take.html,https://lucknow-massage-spa.github.io/Premium-women-therapist/faq-how-long-does-a-leg-pain-therapy-session-take.html,Excel source
FAQ,Is Cramps Relief Massage Safe During Periods?,faq-is-cramps-relief-massage-safe-during-periods.html,https://lucknow-massage-spa.github.io/Premium-women-therapist/faq-is-cramps-relief-massage-safe-during-periods.html,Excel source
FAQ,How Long Does a Cramps Relief Massage Session Take?,faq-how-long-does-a-cramps-relief-massage-session-take.html,https://lucknow-massage-spa.github.io/Premium-women-therapist/faq-how-long-does-a-cramps-relief-massage-session-take.html,Excel source
FAQ,Is Joint Pain Therapy Safe During Periods?,faq-is-joint-pain-therapy-safe-during-periods.html,https://lucknow-massage-spa.github.io/Premium-women-therapist/faq-is-joint-pain-therapy-safe-during-periods.html,Excel source
FAQ,How Long Does a Joint Pain Therapy Session Take?,faq-how-long-does-a-joint-pain-therapy-session-take.html,https://lucknow-massage-spa.github.io/Premium-women-therapist/faq-how-long-does-a-joint-pain-therapy-session-take.html,Excel source
FAQ,Is Shoulder & Neck Pain Massage Safe During Periods?,faq-is-shoulder-and-neck-pain-massage-safe-during-periods.html,https://lucknow-massage-spa.github.io/Premium-women-therapist/faq-is-shoulder-and-neck-pain-massage-safe-during-periods.html,Excel source
FAQ,How Long Does a Shoulder & Neck Pain Massage Session Take?,faq-how-long-does-a-shoulder-and-neck-pain-massage-session-take.html,https://lucknow-massage-spa.github.io/Premium-women-therapist/faq-how-long-does-a-shoulder-and-neck-pain-massage-session-take.html,Excel source
FAQ,Is Spine Alignment Therapy Safe During Periods?,faq-is-spine-alignment-therapy-safe-during-periods.html,https://lucknow-massage-spa.github.io/Premium-women-therapist/faq-is-spine-alignment-therapy-safe-during-periods.html,Excel source
FAQ,How Long Does a Spine Alignment Therapy Session Take?,faq-how-long-does-a-spine-alignment-therapy-session-take.html,https://lucknow-massage-spa.github.io/Premium-women-therapist/faq-how-long-does-a-spine-alignment-therapy-session-take.html,Excel source
FAQ,Is Body Pain Relief Massage Safe During Periods?,faq-is-body-pain-relief-massage-safe-during-periods.html,https://lucknow-massage-spa.github.io/Premium-women-therapist/faq-is-body-pain-relief-massage-safe-during-periods.html,Excel source
FAQ,How Long Does a Body Pain Relief Massage Session Take?,faq-how-long-does-a-body-pain-relief-massage-session-take.html,https://lucknow-massage-spa.github.io/Premium-women-therapist/faq-how-long-does-a-body-pain-relief-massage-session-take.html,Excel source
FAQ,Is Full Body Relaxation Massage Safe During Periods?,faq-is-full-body-relaxation-massage-safe-during-periods.html,https://lucknow-massage-spa.github.io/Premium-women-therapist/faq-is-full-body-relaxation-massage-safe-during-periods.html,Excel source
FAQ,How Long Does a Full Body Relaxation Massage Session Take?,faq-how-long-does-a-full-body-relaxation-massage-session-take.html,https://lucknow-massage-spa.github.io/Premium-women-therapist/faq-how-long-does-a-full-body-relaxation-massage-session-take.html,Excel source
FAQ,Is Deep Tissue Massage Safe During Periods?,faq-is-deep-tissue-massage-safe-during-periods.html,https://lucknow-massage-spa.github.io/Premium-women-therapist/faq-is-deep-tissue-massage-safe-during-periods.html,Excel source
FAQ,How Long Does a Deep Tissue Massage Session Take?,faq-how-long-does-a-deep-tissue-massage-session-take.html,https://lucknow-massage-spa.github.io/Premium-women-therapist/faq-how-long-does-a-deep-tissue-massage-session-take.html,Excel source
FAQ,Is Swedish Massage Safe During Periods?,faq-is-swedish-massage-safe-during-periods.html,https://lucknow-massage-spa.github.io/Premium-women-therapist/faq-is-swedish-massage-safe-during-periods.html,Excel source
FAQ,How Long Does a Swedish Massage Session Take?,faq-how-long-does-a-swedish-massage-session-take.html,https://lucknow-massage-spa.github.io/Premium-women-therapist/faq-how-long-does-a-swedish-massage-session-take.html,Excel source
FAQ,Is Head & Neck Massage Safe During Periods?,faq-is-head-and-neck-massage-safe-during-periods.html,https://lucknow-massage-spa.github.io/Premium-women-therapist/faq-is-head-and-neck-massage-safe-during-periods.html,Excel source
FAQ,How Long Does a Head & Neck Massage Session Take?,faq-how-long-does-a-head-and-neck-massage-session-take.html,https://lucknow-massage-spa.github.io/Premium-women-therapist/faq-how-long-does-a-head-and-neck-massage-session-take.html,Excel source
FAQ,Is Foot Reflexology Safe During Periods?,faq-is-foot-reflexology-safe-during-periods.html,https://lucknow-massage-spa.github.io/Premium-women-therapist/faq-is-foot-reflexology-safe-during-periods.html,Excel source
FAQ,How Long Does a Foot Reflexology Session Take?,faq-how-long-does-a-foot-reflexology-session-take.html,https://lucknow-massage-spa.github.io/Premium-women-therapist/faq-how-long-does-a-foot-reflexology-session-take.html,Excel source
FAQ,Is Hot Oil Massage Safe During Periods?,faq-is-hot-oil-massage-safe-during-periods.html,https://lucknow-massage-spa.github.io/Premium-women-therapist/faq-is-hot-oil-massage-safe-during-periods.html,Excel source
FAQ,How Long Does a Hot Oil Massage Session Take?,faq-how-long-does-a-hot-oil-massage-session-take.html,https://lucknow-massage-spa.github.io/Premium-women-therapist/faq-how-long-does-a-hot-oil-massage-session-take.html,Excel source
FAQ,Is Aromatherapy Massage Safe During Periods?,faq-is-aromatherapy-massage-safe-during-periods.html,https://lucknow-massage-spa.github.io/Premium-women-therapist/faq-is-aromatherapy-massage-safe-during-periods.html,Excel source
FAQ,How Long Does a Aromatherapy Massage Session Take?,faq-how-long-does-a-aromatherapy-massage-session-take.html,https://lucknow-massage-spa.github.io/Premium-women-therapist/faq-how-long-does-a-aromatherapy-massage-session-take.html,Excel source
FAQ,Is Stress & Mood Relief Therapy Safe During Periods?,faq-is-stress-and-mood-relief-therapy-safe-during-periods.html,https://lucknow-massage-spa.github.io/Premium-women-therapist/faq-is-stress-and-mood-relief-therapy-safe-during-periods.html,Excel source
FAQ,How Long Does a Stress & Mood Relief Therapy Session Take?,faq-how-long-does-a-stress-and-mood-relief-therapy-session-take.html,https://lucknow-massage-spa.github.io/Premium-women-therapist/faq-how-long-does-a-stress-and-mood-relief-therapy-session-take.html,Excel source
FAQ,Is Home Physiotherapy Safe During Periods?,faq-is-home-physiotherapy-safe-during-periods.html,https://lucknow-massage-spa.github.io/Premium-women-therapist/faq-is-home-physiotherapy-safe-during-periods.html,Excel source
FAQ,How Long Does a Home Physiotherapy Session Take?,faq-how-long-does-a-home-physiotherapy-session-take.html,https://lucknow-massage-spa.github.io/Premium-women-therapist/faq-how-long-does-a-home-physiotherapy-session-take.html,Excel source
FAQ,Is Prenatal Massage Safe During Periods?,faq-is-prenatal-massage-safe-during-periods.html,https://lucknow-massage-spa.github.io/Premium-women-therapist/faq-is-prenatal-massage-safe-during-periods.html,Excel source
FAQ,How Long Does a Prenatal Massage Session Take?,faq-how-long-does-a-prenatal-massage-session-take.html,https://lucknow-massage-spa.github.io/Premium-women-therapist/faq-how-long-does-a-prenatal-massage-session-take.html,Excel source
FAQ,Is Postnatal Massage Safe During Periods?,faq-is-postnatal-massage-safe-during-periods.html,https://lucknow-massage-spa.github.io/Premium-women-therapist/faq-is-postnatal-massage-safe-during-periods.html,Excel source
FAQ,How Long Does a Postnatal Massage Session Take?,faq-how-long-does-a-postnatal-massage-session-take.html,https://lucknow-massage-spa.github.io/Premium-women-therapist/faq-how-long-does-a-postnatal-massage-session-take.html,Excel source
FAQ,Is Senior Citizen Massage Therapy Safe During Periods?,faq-is-senior-citizen-massage-therapy-safe-during-periods.html,https://lucknow-massage-spa.github.io/Premium-women-therapist/faq-is-senior-citizen-massage-therapy-safe-during-periods.html,Excel source
FAQ,How Long Does a Senior Citizen Massage Therapy Session Take?,faq-how-long-does-a-senior-citizen-massage-therapy-session-take.html,https://lucknow-massage-spa.github.io/Premium-women-therapist/faq-how-long-does-a-senior-citizen-massage-therapy-session-take.html,Excel source
FAQ,Is Sports Recovery Massage Safe During Periods?,faq-is-sports-recovery-massage-safe-during-periods.html,https://lucknow-massage-spa.github.io/Premium-women-therapist/faq-is-sports-recovery-massage-safe-during-periods.html,Excel source
FAQ,How Long Does a Sports Recovery Massage Session Take?,faq-how-long-does-a-sports-recovery-massage-session-take.html,https://lucknow-massage-spa.github.io/Premium-women-therapist/faq-how-long-does-a-sports-recovery-massage-session-take.html,Excel source
FAQ,Is Anti-Stress Massage Safe During Periods?,faq-is-anti-stress-massage-safe-during-periods.html,https://lucknow-massage-spa.github.io/Premium-women-therapist/faq-is-anti-stress-massage-safe-during-periods.html,Excel source
FAQ,How Long Does a Anti-Stress Massage Session Take?,faq-how-long-does-a-anti-stress-massage-session-take.html,https://lucknow-massage-spa.github.io/Premium-women-therapist/faq-how-long-does-a-anti-stress-massage-session-take.html,Excel source
FAQ,Is Monthly Care Plan Safe During Periods?,faq-is-monthly-care-plan-safe-during-periods.html,https://lucknow-massage-spa.github.io/Premium-women-therapist/faq-is-monthly-care-plan-safe-during-periods.html,Excel source
FAQ,How Long Does a Monthly Care Plan Session Take?,faq-how-long-does-a-monthly-care-plan-session-take.html,https://lucknow-massage-spa.github.io/Premium-women-therapist/faq-how-long-does-a-monthly-care-plan-session-take.html,Excel source
FAQ,Is Wellness Massage Package Safe During Periods?,faq-is-wellness-massage-package-safe-during-periods.html,https://lucknow-massage-spa.github.io/Premium-women-therapist/faq-is-wellness-massage-package-safe-during-periods.html,Excel source
FAQ,How Long Does a Wellness Massage Package Session Take?,faq-how-long-does-a-wellness-massage-package-session-take.html,https://lucknow-massage-spa.github.io/Premium-women-therapist/faq-how-long-does-a-wellness-massage-package-session-take.html,Excel source
FAQ,Is Muscle Relaxation Therapy Safe During Periods?,faq-is-muscle-relaxation-therapy-safe-during-periods.html,https://lucknow-massage-spa.github.io/Premium-women-therapist/faq-is-muscle-relaxation-therapy-safe-during-periods.html,Excel source
FAQ,How Long Does a Muscle Relaxation Therapy Session Take?,faq-how-long-does-a-muscle-relaxation-therapy-session-take.html,https://lucknow-massage-spa.github.io/Premium-women-therapist/faq-how-long-does-a-muscle-relaxation-therapy-session-take.html,Excel source
Guide,Home Care Guide: Period Pain Relief Massage,guides-home-care-guide-period-pain-relief-massage.html,https://lucknow-massage-spa.github.io/Premium-women-therapist/guides-home-care-guide-period-pain-relief-massage.html,Excel source
Guide,How to Prepare for Your Period Pain Relief Massage Session,guides-how-to-prepare-for-your-period-pain-relief-massage-session.html,https://lucknow-massage-spa.github.io/Premium-women-therapist/guides-how-to-prepare-for-your-period-pain-relief-massage-session.html,Excel source
Guide,Home Care Guide: Back Pain Relief Massage,guides-home-care-guide-back-pain-relief-massage.html,https://lucknow-massage-spa.github.io/Premium-women-therapist/guides-home-care-guide-back-pain-relief-massage.html,Excel source
Guide,How to Prepare for Your Back Pain Relief Massage Session,guides-how-to-prepare-for-your-back-pain-relief-massage-session.html,https://lucknow-massage-spa.github.io/Premium-women-therapist/guides-how-to-prepare-for-your-back-pain-relief-massage-session.html,Excel source
Guide,Home Care Guide: Leg Pain Therapy,guides-home-care-guide-leg-pain-therapy.html,https://lucknow-massage-spa.github.io/Premium-women-therapist/guides-home-care-guide-leg-pain-therapy.html,Excel source
Guide,How to Prepare for Your Leg Pain Therapy Session,guides-how-to-prepare-for-your-leg-pain-therapy-session.html,https://lucknow-massage-spa.github.io/Premium-women-therapist/guides-how-to-prepare-for-your-leg-pain-therapy-session.html,Excel source
Guide,Home Care Guide: Cramps Relief Massage,guides-home-care-guide-cramps-relief-massage.html,https://lucknow-massage-spa.github.io/Premium-women-therapist/guides-home-care-guide-cramps-relief-massage.html,Excel source
Guide,How to Prepare for Your Cramps Relief Massage Session,guides-how-to-prepare-for-your-cramps-relief-massage-session.html,https://lucknow-massage-spa.github.io/Premium-women-therapist/guides-how-to-prepare-for-your-cramps-relief-massage-session.html,Excel source
Guide,Home Care Guide: Joint Pain Therapy,guides-home-care-guide-joint-pain-therapy.html,https://lucknow-massage-spa.github.io/Premium-women-therapist/guides-home-care-guide-joint-pain-therapy.html,Excel source
Guide,How to Prepare for Your Joint Pain Therapy Session,guides-how-to-prepare-for-your-joint-pain-therapy-session.html,https://lucknow-massage-spa.github.io/Premium-women-therapist/guides-how-to-prepare-for-your-joint-pain-therapy-session.html,Excel source
Guide,Home Care Guide: Shoulder & Neck Pain Massage,guides-home-care-guide-shoulder-and-neck-pain-massage.html,https://lucknow-massage-spa.github.io/Premium-women-therapist/guides-home-care-guide-shoulder-and-neck-pain-massage.html,Excel source
Guide,How to Prepare for Your Shoulder & Neck Pain Massage Session,guides-how-to-prepare-for-your-shoulder-and-neck-pain-massage-session.html,https://lucknow-massage-spa.github.io/Premium-women-therapist/guides-how-to-prepare-for-your-shoulder-and-neck-pain-massage-session.html,Excel source
Guide,Home Care Guide: Spine Alignment Therapy,guides-home-care-guide-spine-alignment-therapy.html,https://lucknow-massage-spa.github.io/Premium-women-therapist/guides-home-care-guide-spine-alignment-therapy.html,Excel source
Guide,How to Prepare for Your Spine Alignment Therapy Session,guides-how-to-prepare-for-your-spine-alignment-therapy-session.html,https://lucknow-massage-spa.github.io/Premium-women-therapist/guides-how-to-prepare-for-your-spine-alignment-therapy-session.html,Excel source
Guide,Home Care Guide: Body Pain Relief Massage,guides-home-care-guide-body-pain-relief-massage.html,https://lucknow-massage-spa.github.io/Premium-women-therapist/guides-home-care-guide-body-pain-relief-massage.html,Excel source
Guide,How to Prepare for Your Body Pain Relief Massage Session,guides-how-to-prepare-for-your-body-pain-relief-massage-session.html,https://lucknow-massage-spa.github.io/Premium-women-therapist/guides-how-to-prepare-for-your-body-pain-relief-massage-session.html,Excel source
Guide,Home Care Guide: Full Body Relaxation Massage,guides-home-care-guide-full-body-relaxation-massage.html,https://lucknow-massage-spa.github.io/Premium-women-therapist/guides-home-care-guide-full-body-relaxation-massage.html,Excel source
Guide,How to Prepare for Your Full Body Relaxation Massage Session,guides-how-to-prepare-for-your-full-body-relaxation-massage-session.html,https://lucknow-massage-spa.github.io/Premium-women-therapist/guides-how-to-prepare-for-your-full-body-relaxation-massage-session.html,Excel source
Guide,Home Care Guide: Deep Tissue Massage,guides-home-care-guide-deep-tissue-massage.html,https://lucknow-massage-spa.github.io/Premium-women-therapist/guides-home-care-guide-deep-tissue-massage.html,Excel source
Guide,How to Prepare for Your Deep Tissue Massage Session,guides-how-to-prepare-for-your-deep-tissue-massage-session.html,https://lucknow-massage-spa.github.io/Premium-women-therapist/guides-how-to-prepare-for-your-deep-tissue-massage-session.html,Excel source
Guide,Home Care Guide: Swedish Massage,guides-home-care-guide-swedish-massage.html,https://lucknow-massage-spa.github.io/Premium-women-therapist/guides-home-care-guide-swedish-massage.html,Excel source
Guide,How to Prepare for Your Swedish Massage Session,guides-how-to-prepare-for-your-swedish-massage-session.html,https://lucknow-massage-spa.github.io/Premium-women-therapist/guides-how-to-prepare-for-your-swedish-massage-session.html,Excel source
Guide,Home Care Guide: Head & Neck Massage,guides-home-care-guide-head-and-neck-massage.html,https://lucknow-massage-spa.github.io/Premium-women-therapist/guides-home-care-guide-head-and-neck-massage.html,Excel source
Guide,How to Prepare for Your Head & Neck Massage Session,guides-how-to-prepare-for-your-head-and-neck-massage-session.html,https://lucknow-massage-spa.github.io/Premium-women-therapist/guides-how-to-prepare-for-your-head-and-neck-massage-session.html,Excel source
Guide,Home Care Guide: Foot Reflexology,guides-home-care-guide-foot-reflexology.html,https://lucknow-massage-spa.github.io/Premium-women-therapist/guides-home-care-guide-foot-reflexology.html,Excel source
Guide,How to Prepare for Your Foot Reflexology Session,guides-how-to-prepare-for-your-foot-reflexology-session.html,https://lucknow-massage-spa.github.io/Premium-women-therapist/guides-how-to-prepare-for-your-foot-reflexology-session.html,Excel source
Guide,Home Care Guide: Hot Oil Massage,guides-home-care-guide-hot-oil-massage.html,https://lucknow-massage-spa.github.io/Premium-women-therapist/guides-home-care-guide-hot-oil-massage.html,Excel source
Guide,How to Prepare for Your Hot Oil Massage Session,guides-how-to-prepare-for-your-hot-oil-massage-session.html,https://lucknow-massage-spa.github.io/Premium-women-therapist/guides-how-to-prepare-for-your-hot-oil-massage-session.html,Excel source
Guide,Home Care Guide: Aromatherapy Massage,guides-home-care-guide-aromatherapy-massage.html,https://lucknow-massage-spa.github.io/Premium-women-therapist/guides-home-care-guide-aromatherapy-massage.html,Excel source
Guide,How to Prepare for Your Aromatherapy Massage Session,guides-how-to-prepare-for-your-aromatherapy-massage-session.html,https://lucknow-massage-spa.github.io/Premium-women-therapist/guides-how-to-prepare-for-your-aromatherapy-massage-session.html,Excel source
Guide,Home Care Guide: Stress & Mood Relief Therapy,guides-home-care-guide-stress-and-mood-relief-therapy.html,https://lucknow-massage-spa.github.io/Premium-women-therapist/guides-home-care-guide-stress-and-mood-relief-therapy.html,Excel source
Guide,How to Prepare for Your Stress & Mood Relief Therapy Session,guides-how-to-prepare-for-your-stress-and-mood-relief-therapy-session.html,https://lucknow-massage-spa.github.io/Premium-women-therapist/guides-how-to-prepare-for-your-stress-and-mood-relief-therapy-session.html,Excel source
Guide,Home Care Guide: Home Physiotherapy,guides-home-care-guide-home-physiotherapy.html,https://lucknow-massage-spa.github.io/Premium-women-therapist/guides-home-care-guide-home-physiotherapy.html,Excel source
Guide,How to Prepare for Your Home Physiotherapy Session,guides-how-to-prepare-for-your-home-physiotherapy-session.html,https://lucknow-massage-spa.github.io/Premium-women-therapist/guides-how-to-prepare-for-your-home-physiotherapy-session.html,Excel source
Guide,Home Care Guide: Prenatal Massage,guides-home-care-guide-prenatal-massage.html,https://lucknow-massage-spa.github.io/Premium-women-therapist/guides-home-care-guide-prenatal-massage.html,Excel source
Guide,How to Prepare for Your Prenatal Massage Session,guides-how-to-prepare-for-your-prenatal-massage-session.html,https://lucknow-massage-spa.github.io/Premium-women-therapist/guides-how-to-prepare-for-your-prenatal-massage-session.html,Excel source
Guide,Home Care Guide: Postnatal Massage,guides-home-care-guide-postnatal-massage.html,https://lucknow-massage-spa.github.io/Premium-women-therapist/guides-home-care-guide-postnatal-massage.html,Excel source
Guide,How to Prepare for Your Postnatal Massage Session,guides-how-to-prepare-for-your-postnatal-massage-session.html,https://lucknow-massage-spa.github.io/Premium-women-therapist/guides-how-to-prepare-for-your-postnatal-massage-session.html,Excel source
Guide,Home Care Guide: Senior Citizen Massage Therapy,guides-home-care-guide-senior-citizen-massage-therapy.html,https://lucknow-massage-spa.github.io/Premium-women-therapist/guides-home-care-guide-senior-citizen-massage-therapy.html,Excel source
Guide,How to Prepare for Your Senior Citizen Massage Therapy Session,guides-how-to-prepare-for-your-senior-citizen-massage-therapy-session.html,https://lucknow-massage-spa.github.io/Premium-women-therapist/guides-how-to-prepare-for-your-senior-citizen-massage-therapy-session.html,Excel source
Guide,Home Care Guide: Sports Recovery Massage,guides-home-care-guide-sports-recovery-massage.html,https://lucknow-massage-spa.github.io/Premium-women-therapist/guides-home-care-guide-sports-recovery-massage.html,Excel source
Guide,How to Prepare for Your Sports Recovery Massage Session,guides-how-to-prepare-for-your-sports-recovery-massage-session.html,https://lucknow-massage-spa.github.io/Premium-women-therapist/guides-how-to-prepare-for-your-sports-recovery-massage-session.html,Excel source
Guide,Home Care Guide: Anti-Stress Massage,guides-home-care-guide-anti-stress-massage.html,https://lucknow-massage-spa.github.io/Premium-women-therapist/guides-home-care-guide-anti-stress-massage.html,Excel source
Guide,How to Prepare for Your Anti-Stress Massage Session,guides-how-to-prepare-for-your-anti-stress-massage-session.html,https://lucknow-massage-spa.github.io/Premium-women-therapist/guides-how-to-prepare-for-your-anti-stress-massage-session.html,Excel source
Guide,Home Care Guide: Monthly Care Plan,guides-home-care-guide-monthly-care-plan.html,https://lucknow-massage-spa.github.io/Premium-women-therapist/guides-home-care-guide-monthly-care-plan.html,Excel source
Guide,How to Prepare for Your Monthly Care Plan Session,guides-how-to-prepare-for-your-monthly-care-plan-session.html,https://lucknow-massage-spa.github.io/Premium-women-therapist/guides-how-to-prepare-for-your-monthly-care-plan-session.html,Excel source
Guide,Home Care Guide: Wellness Massage Package,guides-home-care-guide-wellness-massage-package.html,https://lucknow-massage-spa.github.io/Premium-women-therapist/guides-home-care-guide-wellness-massage-package.html,Excel source
Guide,How to Prepare for Your Wellness Massage Package Session,guides-how-to-prepare-for-your-wellness-massage-package-session.html,https://lucknow-massage-spa.github.io/Premium-women-therapist/guides-how-to-prepare-for-your-wellness-massage-package-session.html,Excel source
Guide,Home Care Guide: Muscle Relaxation Therapy,guides-home-care-guide-muscle-relaxation-therapy.html,https://lucknow-massage-spa.github.io/Premium-women-therapist/guides-home-care-guide-muscle-relaxation-therapy.html,Excel source
Guide,How to Prepare for Your Muscle Relaxation Therapy Session,guides-how-to-prepare-for-your-muscle-relaxation-therapy-session.html,https://lucknow-massage-spa.github.io/Premium-women-therapist/guides-how-to-prepare-for-your-muscle-relaxation-therapy-session.html,Excel source
Support,Services Directory,services.html,https://lucknow-massage-spa.github.io/Premium-women-therapist/services.html,Support page
Support,Areas Directory,areas.html,https://lucknow-massage-spa.github.io/Premium-women-therapist/areas.html,Support page
Support,Area + Service Directory,area-services.html,https://lucknow-massage-spa.github.io/Premium-women-therapist/area-services.html,Support page
Support,Blog Directory,blog.html,https://lucknow-massage-spa.github.io/Premium-women-therapist/blog.html,Support page
Support,FAQ Directory,faq.html,https://lucknow-massage-spa.github.io/Premium-women-therapist/faq.html,Support page
Support,Guides Directory,guides.html,https://lucknow-massage-spa.github.io/Premium-women-therapist/guides.html,Support page
Support,Booking,booking.html,https://lucknow-massage-spa.github.io/Premium-women-therapist/booking.html,Support page
Support,Contact,contact.html,https://lucknow-massage-spa.github.io/Premium-women-therapist/contact.html,Support page
Support,Privacy Policy,privacy-policy.html,https://lucknow-massage-spa.github.io/Premium-women-therapist/privacy-policy.html,Support page
Support,Terms,terms.html,https://lucknow-massage-spa.github.io/Premium-women-therapist/terms.html,Support page
